-- phpMyAdmin SQL Dump
-- version 5.1.1
-- https://www.phpmyadmin.net/
--
-- Host: 127.0.0.1:3306
-- Generation Time: Aug 01, 2022 at 11:17 PM
-- Server version: 5.7.36
-- PHP Version: 7.4.26

SET SQL_MODE = "NO_AUTO_VALUE_ON_ZERO";
START TRANSACTION;
SET time_zone = "+00:00";


/*!40101 SET @OLD_CHARACTER_SET_CLIENT=@@CHARACTER_SET_CLIENT */;
/*!40101 SET @OLD_CHARACTER_SET_RESULTS=@@CHARACTER_SET_RESULTS */;
/*!40101 SET @OLD_COLLATION_CONNECTION=@@COLLATION_CONNECTION */;
/*!40101 SET NAMES utf8mb4 */;

--
-- Database: `cafe`
--

-- --------------------------------------------------------

--
-- Table structure for table `binh_luan`
--

DROP TABLE IF EXISTS `binh_luan`;
CREATE TABLE IF NOT EXISTS `binh_luan` (
  `id` char(18) COLLATE utf8mb4_unicode_ci NOT NULL,
  `hoten` varchar(50) COLLATE utf8mb4_unicode_ci NOT NULL,
  `gioitinh` tinyint(1) NOT NULL,
  `noidung` text COLLATE utf8mb4_unicode_ci NOT NULL,
  `email` char(100) COLLATE utf8mb4_unicode_ci NOT NULL,
  `sdt` char(10) COLLATE utf8mb4_unicode_ci DEFAULT NULL,
  `id_sanpham` char(18) COLLATE utf8mb4_unicode_ci NOT NULL,
  `thoigian` datetime NOT NULL,
  `matraloi` char(18) COLLATE utf8mb4_unicode_ci DEFAULT NULL,
  `trangthai` tinyint(1) NOT NULL,
  `created_at` timestamp NULL DEFAULT NULL,
  `updated_at` timestamp NULL DEFAULT NULL,
  PRIMARY KEY (`id`),
  KEY `binh_luan_id_sanpham_foreign` (`id_sanpham`)
) ENGINE=InnoDB DEFAULT CHARSET=utf8mb4 COLLATE=utf8mb4_unicode_ci;

--
-- Dumping data for table `binh_luan`
--

INSERT INTO `binh_luan` (`id`, `hoten`, `gioitinh`, `noidung`, `email`, `sdt`, `id_sanpham`, `thoigian`, `matraloi`, `trangthai`, `created_at`, `updated_at`) VALUES
('BL20210809131204', 'Lê Minh luân', 1, 'sản phẩm rất chất lượng ạ', 'luan123@gmail.com', '0121112122', 'SP20210723212430', '2021-08-09 13:12:04', NULL, 1, '2021-08-08 23:12:04', '2021-08-08 23:12:50'),
('BL20210809131250', 'Admin', 1, '@Lê Minh luân: cảm ơn bạn đã quan tâm.', 'SunCoffee137@gmail.com', '0123456789', 'SP20210723212430', '2021-08-09 13:12:50', 'BL20210809131204', 2, '2021-08-08 23:12:50', '2021-08-08 23:12:50'),
('BL20210809131529', 'nguyễn thị hồng', 0, 'sản phẩm rất tuyệt', 'luan123@gmail.com', '0814294764', 'SP20210723212430', '2021-08-09 13:15:29', NULL, 1, '2021-08-08 23:15:29', '2021-08-09 03:34:09'),
('BL20210809131616', 'Admin', 1, '@nguyễn thị hồng: cảm ơn chị đã sử dụng sản phẩm của chúng tôi.', 'SunCoffee137@gmail.com', '0123456789', 'SP20210723212430', '2021-08-09 13:16:16', 'BL20210809131529', 2, '2021-08-08 23:16:16', '2021-08-08 23:16:16'),
('BL20210809134541', 'Trần Anh Tuấn', 1, 'sản phẩm tốt.', 'luan123@gmail.com', '0819740382', 'SP20210723212430', '2021-08-09 13:45:41', NULL, 1, '2021-08-08 23:45:41', '2021-08-12 23:49:24'),
('BL20210809173854', 'Lê Minh luân', 1, '@Admin: không có chi.', 'luan123@gmail.com', NULL, 'SP20210723212430', '2021-08-09 17:38:54', 'BL20210809131204', 1, '2021-08-09 03:38:54', '2021-08-09 03:40:03'),
('BL20210809174003', 'Admin', 1, '@Lê Minh luân: rất cảm ơn bạn', 'SunCoffee137@gmail.com', '0123456789', 'SP20210723212430', '2021-08-09 17:40:03', 'BL20210809131204', 2, '2021-08-09 03:40:03', '2021-08-09 03:40:03'),
('BL20210810101853', 'lê minh luân', 1, 'sản phẩm rất tốt', 'luan123@gmail.com', NULL, 'SP20210723212430', '2021-08-10 10:18:53', NULL, 1, '2021-08-09 20:18:53', '2021-08-09 20:19:38'),
('BL20210810101938', 'Admin', 1, '@lê minh luân: cảm ơn Anh đã lựa chọn sản phẩm của chúng tôi.', 'SunCoffee137@gmail.com', '0123456789', 'SP20210723212430', '2021-08-10 10:19:38', 'BL20210810101853', 2, '2021-08-09 20:19:38', '2021-08-09 20:19:38'),
('BL20210810110243', 'lê minh luân', 1, 'sản phẩm rất tốt.', 'luan123@gmail.com', NULL, 'SP20210723210505', '2021-08-10 11:02:43', NULL, 1, '2021-08-09 21:02:43', '2021-08-09 21:03:12'),
('BL20210810110312', 'Admin', 1, '@lê minh luân: cảm ơn bạn đã quan tâm đến sản phẩm của chúng tôi.', 'SunCoffee137@gmail.com', '0123456789', 'SP20210723210505', '2021-08-10 11:03:12', 'BL20210810110243', 2, '2021-08-09 21:03:12', '2021-08-09 21:03:12'),
('BL20210811103648', 'lê minh luân', 1, 'sản phẩm rất chất lượng', 'luan123@gmail.com', NULL, 'SP20210723212430', '2021-08-11 10:36:48', NULL, 1, '2021-08-10 20:36:48', '2021-08-10 21:05:17'),
('BL20210811103729', 'Admin', 1, '@lê minh luân: thanhks.', 'SunCoffee137@gmail.com', '0123456789', 'SP20210723212430', '2021-08-11 10:37:29', 'BL20210811103648', 2, '2021-08-10 20:37:29', '2021-08-10 20:37:29'),
('BL20210813134924', 'Admin', 1, '@Trần Anh Tuấn: cảm ơn bạn đã qua tâm đế sản phẩm của chúng tôi.', 'SunCoffee137@gmail.com', '0123456789', 'SP20210723212430', '2021-08-13 13:49:24', 'BL20210809134541', 2, '2021-08-12 23:49:24', '2021-08-12 23:49:24'),
('BL20210813135323', 'lê minh luân', 1, 'sản phẩm tốt', 'luan123@gmail.com', NULL, 'SP20210723212430', '2021-08-13 13:53:23', NULL, 1, '2021-08-12 23:53:23', '2021-10-12 18:47:14'),
('BL20210815093753', 'lê minh luân', 1, 'sản phẩm rất tốt', 'luan123@gmail.com', '0121212121', 'SP20210723212430', '2021-08-15 09:37:53', NULL, 1, '2021-08-14 19:37:53', '2021-08-16 23:01:50'),
('BL20210815093848', 'lê minh luân', 1, 'sản phẩm rất tốt', 'luan123@gmail.com', '0122212121', 'SP20210723212430', '2021-08-15 09:38:48', NULL, 1, '2021-08-14 19:38:48', '2021-08-14 19:41:28'),
('BL20210815094128', 'Admin', 1, '@lê minh luân: cảm ơn bạn', 'SunCoffee137@gmail.com', '0123456789', 'SP20210723212430', '2021-08-15 09:41:28', 'BL20210815093848', 2, '2021-08-14 19:41:28', '2021-08-14 19:41:28'),
('BL20210817125948', 'lê minh luân', 1, 'sản phẩm rất tốt', 'luan123@gmail.com', NULL, 'SP20210723212430', '2021-08-17 12:59:48', NULL, 1, '2021-08-16 22:59:48', '2021-08-16 23:01:46'),
('BL20210817125959', 'lê minh luân', 1, 'sản phẩm rất tốt', 'luan123@gmail.com', NULL, 'SP20210723212430', '2021-08-17 12:59:59', NULL, 1, '2021-08-16 22:59:59', '2021-08-16 23:01:41'),
('BL20210817130013', 'lê minh luân', 1, 'sản phẩm rất tốt', 'luan123@gmail.com', NULL, 'SP20210723212430', '2021-08-17 13:00:13', NULL, 1, '2021-08-16 23:00:13', '2021-08-16 23:01:37'),
('BL20210817130026', 'lê minh luân', 1, 'sản phẩm rất tốt', 'luan123@gmail.com', NULL, 'SP20210723212430', '2021-08-17 13:00:26', NULL, 1, '2021-08-16 23:00:26', '2021-08-16 23:01:32'),
('BL20210817130132', 'Admin', 1, '@lê minh luân: cảm ơn bạn đã quan tâm.', 'SunCoffee137@gmail.com', '0123456789', 'SP20210723212430', '2021-08-17 13:01:32', 'BL20210817130026', 2, '2021-08-16 23:01:32', '2021-08-16 23:01:32'),
('BL20210817130137', 'Admin', 1, '@lê minh luân: cảm ơn bạn đã quan tâm.', 'SunCoffee137@gmail.com', '0123456789', 'SP20210723212430', '2021-08-17 13:01:37', 'BL20210817130013', 2, '2021-08-16 23:01:37', '2021-08-16 23:01:37'),
('BL20210817130141', 'Admin', 1, '@lê minh luân: cảm ơn bạn đã quan tâm.', 'SunCoffee137@gmail.com', '0123456789', 'SP20210723212430', '2021-08-17 13:01:41', 'BL20210817125959', 2, '2021-08-16 23:01:41', '2021-08-16 23:01:41'),
('BL20210817130146', 'Admin', 1, '@lê minh luân: cảm ơn bạn đã quan tâm.', 'SunCoffee137@gmail.com', '0123456789', 'SP20210723212430', '2021-08-17 13:01:46', 'BL20210817125948', 2, '2021-08-16 23:01:46', '2021-08-16 23:01:46'),
('BL20210817130150', 'Admin', 1, '@lê minh luân: cảm ơn bạn đã quan tâm.', 'SunCoffee137@gmail.com', '0123456789', 'SP20210723212430', '2021-08-17 13:01:50', 'BL20210815093753', 2, '2021-08-16 23:01:50', '2021-08-16 23:01:50'),
('BL20211013084714', 'Admin', 1, '@lê minh luân: ok', 'SunCoffee137@gmail.com', NULL, 'SP20210723212430', '2021-10-13 08:47:14', 'BL20210813135323', 2, '2021-10-12 18:47:14', '2021-10-12 18:47:14'),
('BL20211107083732', 'Lê Minh Luân', 1, 'sản phẩm rất tốt', 'luan123@gmail.com', NULL, 'SP20210723210505', '2021-11-07 08:37:32', NULL, 1, '2021-11-06 18:37:32', '2021-11-06 18:38:08'),
('BL20211107083808', 'Admin', 1, '@Lê Minh Luân: cảm ơn bạn đã quan tâm.', 'SunCoffee137@gmail.com', NULL, 'SP20210723210505', '2021-11-07 08:38:08', 'BL20211107083732', 2, '2021-11-06 18:38:08', '2021-11-06 18:38:08'),
('BL20211107091209', 'Lê Minh Luân', 1, 'sản phẩm rất tốt', 'luan123@gmail.com', NULL, 'SP20210723214407', '2021-11-07 09:12:09', NULL, 1, '2021-11-06 19:12:09', '2021-11-06 19:12:45'),
('BL20211107091245', 'Admin', 1, '@Lê Minh Luân: cảm ơn bạn đã quan tâm.', 'SunCoffee137@gmail.com', NULL, 'SP20210723214407', '2021-11-07 09:12:45', 'BL20211107091209', 2, '2021-11-06 19:12:45', '2021-11-06 19:12:45'),
('BL20211107093023', 'Lê Minh Luân', 1, 'sản phẩm rất tốt.', 'luan123@gmail.com', NULL, 'SP20210723214944', '2021-11-07 09:30:23', NULL, 1, '2021-11-06 19:30:23', '2021-11-06 19:30:58'),
('BL20211107093058', 'Admin', 1, '@Lê Minh Luân: cảm ơn bạn đã quan tâm.', 'SunCoffee137@gmail.com', NULL, 'SP20210723214944', '2021-11-07 09:30:58', 'BL20211107093023', 2, '2021-11-06 19:30:58', '2021-11-06 19:30:58'),
('BL20211109142936', 'Lê Minh Luân', 1, 'sản phẩm rất tuyệt', 'luan123@gmail.com', NULL, 'SP20210724213516', '2021-11-09 14:29:36', NULL, 1, '2021-11-09 00:29:36', '2021-11-09 00:32:01'),
('BL20211109143201', 'Admin', 1, '@Lê Minh Luân: cảm ơn bạn đã quan tâm.', 'SunCoffee137@gmail.com', NULL, 'SP20210724213516', '2021-11-09 14:32:01', 'BL20211109142936', 2, '2021-11-09 00:32:01', '2021-11-09 00:32:01'),
('BL20211109154537', 'Lê Minh Luân', 1, 'sản phẩm của cửa hàng bán rất chất lượng.', 'luan123@gmail.com', NULL, 'SP20210723215831', '2021-11-09 15:45:37', NULL, 1, '2021-11-09 01:45:37', '2021-11-09 01:47:35'),
('BL20211109154735', 'Admin', 1, '@Lê Minh Luân: cảm ơn bạn đã quan tâm đến sản phẩm của cửa hàng.', 'SunCoffee137@gmail.com', NULL, 'SP20210723215831', '2021-11-09 15:47:35', 'BL20211109154537', 2, '2021-11-09 01:47:35', '2021-11-09 01:47:35'),
('BL20211112092720', 'Trần Anh Tuấn', 1, 'sản phẩm rất chất lượng', 'luan123@gmail.com', NULL, 'SP20210723210505', '2021-11-12 09:27:20', NULL, 1, '2021-11-11 19:27:20', '2021-11-11 19:29:31'),
('BL20211112092931', 'Trần Mộng Thúy', 0, '@Trần Anh Tuấn: cảm ơn bạn đã quan tâm đến sản phẩm của chúng tôi.', 'luan123@gmail.com', NULL, 'SP20210723210505', '2021-11-12 09:29:31', 'BL20211112092720', 2, '2021-11-11 19:29:31', '2021-11-11 19:29:31'),
('BL20211113081419', 'Lê Minh Luân', 1, 'sản phẩm rất chất lượng', 'luan123@gmail.com', NULL, 'SP20210723215831', '2021-11-13 08:14:19', NULL, 1, '2021-11-12 18:14:19', '2021-11-12 18:15:28'),
('BL20211113081528', 'Trần Mộng Thúy', 0, '@Lê Minh Luân: cảm ơn bạn đã quan tâm đến sản phẩm của cửa hàng.', 'luan123@gmail.com', NULL, 'SP20210723215831', '2021-11-13 08:15:28', 'BL20211113081419', 2, '2021-11-12 18:15:28', '2021-11-12 18:15:28'),
('BL20211114190137', 'Trần Anh Tuấn', 1, 'sản phẩm của cửa hàng rất chất lượng', 'luan123@gmail.com', NULL, 'SP20210723210505', '2021-11-14 19:01:37', NULL, 1, '2021-11-14 05:01:37', '2021-11-14 05:03:18'),
('BL20211114190318', 'Trần Mộng Thúy', 0, '@Trần Anh Tuấn: cảm ơn bạn đã quan tâm đến sản phẩm của chúng tôi.', 'luan123@gmail.com', NULL, 'SP20210723210505', '2021-11-14 19:03:18', 'BL20211114190137', 2, '2021-11-14 05:03:18', '2021-11-14 05:03:18'),
('BL20211115124149', 'Trần Anh Tuấn', 1, 'sản phẩm rất chất lượng', 'luan123@gmail.com', NULL, 'SP20210723211649', '2021-11-15 12:41:49', NULL, 1, '2021-11-14 22:41:49', '2021-11-14 22:42:24'),
('BL20211115124224', 'Trần Mộng Thúy', 0, '@Trần Anh Tuấn: cảm ơn bạn đã quan tâm.', 'luan123@gmail.com', NULL, 'SP20210723211649', '2021-11-15 12:42:24', 'BL20211115124149', 2, '2021-11-14 22:42:24', '2021-11-14 22:42:24');

-- --------------------------------------------------------

--
-- Table structure for table `chi_tiet_hoa_don`
--

DROP TABLE IF EXISTS `chi_tiet_hoa_don`;
CREATE TABLE IF NOT EXISTS `chi_tiet_hoa_don` (
  `id_hoadon` char(18) COLLATE utf8mb4_unicode_ci NOT NULL,
  `id_chitietsanpham` char(18) COLLATE utf8mb4_unicode_ci NOT NULL,
  `soluong` int(11) NOT NULL,
  `giamgia` int(11) NOT NULL,
  `tonggia` int(11) NOT NULL,
  `created_at` timestamp NULL DEFAULT NULL,
  `updated_at` timestamp NULL DEFAULT NULL,
  KEY `chi_tiet_hoa_don_id_hoadon_foreign` (`id_hoadon`),
  KEY `chi_tiet_hoa_don_id_chitietsanpham_foreign` (`id_chitietsanpham`)
) ENGINE=InnoDB DEFAULT CHARSET=utf8mb4 COLLATE=utf8mb4_unicode_ci;

--
-- Dumping data for table `chi_tiet_hoa_don`
--

INSERT INTO `chi_tiet_hoa_don` (`id_hoadon`, `id_chitietsanpham`, `soluong`, `giamgia`, `tonggia`, `created_at`, `updated_at`) VALUES
('HD20210727075346', 'CTSP20210725142032', 1, 0, 15000, '2021-07-26 17:53:46', '2021-07-26 17:53:46'),
('HD20210727075428', 'CTSP20210725142032', 1, 0, 15000, '2021-07-26 17:54:28', '2021-07-26 17:54:28'),
('HD20210727075428', 'CTSP20210724200359', 1, 0, 174000, '2021-07-26 17:54:28', '2021-07-26 17:54:28'),
('HD20210727084248', 'CTSP20210723210943', 1, 0, 144000, '2021-07-26 18:42:48', '2021-07-26 18:42:48'),
('HD20210727165717', 'CTSP20210725142032', 2, 0, 30000, '2021-07-27 02:57:17', '2021-07-27 02:57:17'),
('HD20210727165717', 'CTSP20210724212805', 3, 0, 30000, '2021-07-27 02:57:17', '2021-07-27 02:57:17'),
('HD20210729174331', 'CTSP20210725142032', 1, 0, 15000, '2021-07-29 03:43:31', '2021-07-29 03:43:31'),
('HD20210730123941', 'CTSP20210723210943', 1, 14400, 144000, '2021-07-29 22:39:41', '2021-07-29 22:39:41'),
('HD20210730123941', 'CTSP20210723214231', 1, 0, 75000, '2021-07-29 22:39:41', '2021-07-29 22:39:41'),
('HD20210730123941', 'CTSP20210724193800', 1, 0, 172000, '2021-07-29 22:39:41', '2021-07-29 22:39:41'),
('HD20210730123941', 'CTSP20210724200223', 1, 0, 71500, '2021-07-29 22:39:41', '2021-07-29 22:39:41'),
('HD20210730125026', 'CTSP20210723212447', 1, 0, 169000, '2021-07-29 22:50:26', '2021-07-29 22:50:26'),
('HD20210805202247', 'CTSP20210723210943', 1, 14400, 144000, '2021-08-05 06:22:47', '2021-08-05 06:22:47'),
('HD20210811104428', 'CTSP20210723212447', 1, 0, 169000, '2021-08-10 20:44:28', '2021-08-10 20:44:28'),
('HD20210811110040', 'CTSP20210723210943', 1, 14400, 144000, '2021-08-10 21:00:40', '2021-08-10 21:00:40'),
('HD20210814105215', 'CTSP20210723210943', 3, 14400, 388800, '2021-08-13 20:52:15', '2021-08-13 20:52:15'),
('HD20210814105215', 'CTSP20210723211539', 2, 0, 114000, '2021-08-13 20:52:15', '2021-08-13 20:52:15'),
('HD20210814105215', 'CTSP20210724211850', 1, 0, 15000, '2021-08-13 20:52:15', '2021-08-13 20:52:15'),
('HD20210814105743', 'CTSP20210725142044', 2, 0, 30000, '2021-08-13 20:57:43', '2021-08-13 20:57:43'),
('HD20210814105743', 'CTSP20210724213924', 2, 0, 20000, '2021-08-13 20:57:43', '2021-08-13 20:57:43'),
('HD20210814105743', 'CTSP20210723211954', 2, 23800, 428400, '2021-08-13 20:57:43', '2021-08-13 20:57:43'),
('HD20210814110228', 'CTSP20210723212447', 1, 0, 169000, '2021-08-13 21:02:28', '2021-08-13 21:02:28'),
('HD20210815095146', 'CTSP20210723210943', 2, 14400, 259200, '2021-08-14 19:51:46', '2021-08-14 19:51:46'),
('HD20210815095146', 'CTSP20210723211807', 1000, 13800, 124200000, '2021-08-14 19:51:46', '2021-08-14 19:51:46'),
('HD20210815095146', 'CTSP20210724212155', 3, 0, 60000, '2021-08-14 19:51:46', '2021-08-14 19:51:46'),
('HD20210817143604', 'CTSP20210723212447', 1, 0, 169000, '2021-08-17 00:36:04', '2021-08-17 00:36:04'),
('HD20210829095936', 'CTSP20210723212447', 1, 0, 169000, '2021-08-28 19:59:36', '2021-08-28 19:59:36'),
('HD20210829101245', 'CTSP20210725142044', 2, 0, 30000, '2021-08-28 20:12:45', '2021-08-28 20:12:45'),
('HD20210829101245', 'CTSP20210725142032', 10, 0, 150000, '2021-08-28 20:12:45', '2021-08-28 20:12:45'),
('HD20210829101245', 'CTSP20210723210943', 1, 14400, 129600, '2021-08-28 20:12:45', '2021-08-28 20:12:45'),
('HD20211013095458', 'CTSP20210725131930', 1, 0, 15000, '2021-10-12 19:54:58', '2021-10-12 19:54:58'),
('HD20211013144041', 'CTSP20210725142044', 1, 0, 15000, '2021-10-13 00:40:41', '2021-10-13 00:40:41'),
('HD20211015144724', 'CTSP20210723210943', 1, 14400, 144000, '2021-10-15 00:47:24', '2021-10-15 00:47:24'),
('HD20211015161224', 'CTSP20210723210943', 1, 14400, 144000, '2021-10-15 02:12:24', '2021-10-15 02:12:24'),
('HD20211015161736', 'CTSP20210723212312', 1, 0, 119000, '2021-10-15 02:17:36', '2021-10-15 02:17:36'),
('HD20211015161736', 'CTSP20210723210943', 1, 14400, 144000, '2021-10-15 02:17:36', '2021-10-15 02:17:36'),
('HD20211021161427', 'CTSP20210725142044', 1, 0, 15000, '2021-10-21 02:14:27', '2021-10-21 02:14:27'),
('HD20211023160156', 'CTSP20210725142044', 1, 0, 15000, '2021-10-23 02:01:56', '2021-10-23 02:01:56'),
('HD20211029134944', 'CTSP20210723212447', 1, 0, 169000, '2021-10-28 23:49:44', '2021-10-28 23:49:44'),
('HD20211029135909', 'CTSP20210723210943', 1, 14400, 144000, '2021-10-28 23:59:09', '2021-10-28 23:59:09'),
('HD20211029140353', 'CTSP20210723210943', 1, 14400, 144000, '2021-10-29 00:03:53', '2021-10-29 00:03:53'),
('HD20211029140903', 'CTSP20210723212447', 1, 0, 169000, '2021-10-29 00:09:03', '2021-10-29 00:09:03'),
('HD20211029140903', 'CTSP20210723210943', 1, 14400, 144000, '2021-10-29 00:09:03', '2021-10-29 00:09:03'),
('HD20211029145339', 'CTSP20210723210943', 1, 14400, 144000, '2021-10-29 00:53:39', '2021-10-29 00:53:39'),
('HD20211031143339', 'CTSP20210723212312', 1, 11900, 107100, '2021-10-31 00:33:39', '2021-10-31 00:33:39'),
('HD20211031143339', 'CTSP20210723212447', 2, 16900, 304200, '2021-10-31 00:33:39', '2021-10-31 00:33:39'),
('HD20211031204954', 'CTSP20210723211954', 1, 0, 238000, '2021-10-31 06:49:54', '2021-10-31 06:49:54'),
('HD20211105082242', 'CTSP20210723210943', 1, 14400, 144000, '2021-11-04 18:22:42', '2021-11-04 18:22:42'),
('HD20211107075341', 'CTSP20210723211807', 1, 13800, 138000, '2021-11-06 17:53:41', '2021-11-06 17:53:41'),
('HD20211107080310', 'CTSP20210723211807', 1, 13800, 138000, '2021-11-06 18:03:10', '2021-11-06 18:03:10'),
('HD20211107081804', 'CTSP20210723210943', 1, 14400, 144000, '2021-11-06 18:18:04', '2021-11-06 18:18:04'),
('HD20211107082110', 'CTSP20210723210943', 1, 14400, 144000, '2021-11-06 18:21:10', '2021-11-06 18:21:10'),
('HD20211107083404', 'CTSP20210723210943', 1, 14400, 144000, '2021-11-06 18:34:04', '2021-11-06 18:34:04'),
('HD20211107083404', 'CTSP20210723212018', 1, 0, 89500, '2021-11-06 18:34:04', '2021-11-06 18:34:04'),
('HD20211107090842', 'CTSP20210723211539', 1, 5700, 57000, '2021-11-06 19:08:42', '2021-11-06 19:08:42'),
('HD20211107090842', 'CTSP20210723214231', 2, 7500, 150000, '2021-11-06 19:08:42', '2021-11-06 19:08:42'),
('HD20211107092640', 'CTSP20210723211539', 1, 5700, 57000, '2021-11-06 19:26:40', '2021-11-06 19:26:40'),
('HD20211107092640', 'CTSP20210723214231', 2, 7500, 150000, '2021-11-06 19:26:40', '2021-11-06 19:26:40'),
('HD20211107094713', 'CTSP20210724200137', 1, 0, 179000, '2021-11-06 19:47:13', '2021-11-06 19:47:13'),
('HD20211107100043', 'CTSP20210724195313', 1, 0, 122000, '2021-11-06 20:00:43', '2021-11-06 20:00:43'),
('HD20211107100043', 'CTSP20210724194853', 1, 0, 139000, '2021-11-06 20:00:43', '2021-11-06 20:00:43'),
('HD20211107102506', 'CTSP20210724200137', 1, 0, 179000, '2021-11-06 20:25:06', '2021-11-06 20:25:06'),
('HD20211107102506', 'CTSP20210724195032', 1, 0, 129000, '2021-11-06 20:25:06', '2021-11-06 20:25:06'),
('HD20211108152423', 'CTSP20210725142044', 1, 0, 15000, '2021-11-08 01:24:23', '2021-11-08 01:24:23'),
('HD20211108175018', 'CTSP20210724200359', 1, 17400, 156600, '2021-11-08 03:50:18', '2021-11-08 03:50:18'),
('HD20211108175018', 'CTSP20210724200137', 1, 0, 179000, '2021-11-08 03:50:18', '2021-11-08 03:50:18'),
('HD20211108184123', 'CTSP20210725142044', 1, 0, 15000, '2021-11-08 04:41:23', '2021-11-08 04:41:23'),
('HD20211109084038', 'CTSP20210724200359', 1, 17400, 156600, '2021-11-08 18:40:38', '2021-11-08 18:40:38'),
('HD20211109084038', 'CTSP20210724200137', 1, 0, 179000, '2021-11-08 18:40:38', '2021-11-08 18:40:38'),
('HD20211109141714', 'CTSP20210723210943', 1, 14400, 144000, '2021-11-09 00:17:14', '2021-11-09 00:17:14'),
('HD20211109141714', 'CTSP20210723212018', 2, 0, 179000, '2021-11-09 00:17:14', '2021-11-09 00:17:14'),
('HD20211109142018', 'CTSP20210724195032', 1, 0, 129000, '2021-11-09 00:20:18', '2021-11-09 00:20:18'),
('HD20211109152636', 'CTSP20210723211832', 1, 0, 55000, '2021-11-09 01:26:36', '2021-11-09 01:26:36'),
('HD20211109162421', 'CTSP20210724200359', 1, 17400, 156600, '2021-11-09 02:24:21', '2021-11-09 02:24:21'),
('HD20211109162421', 'CTSP20210724195938', 1, 0, 129000, '2021-11-09 02:24:22', '2021-11-09 02:24:22'),
('HD20211110071729', 'CTSP20210723211539', 1, 0, 57000, '2021-11-09 17:17:29', '2021-11-09 17:17:29'),
('HD20211110071729', 'CTSP20210723211954', 2, 0, 476000, '2021-11-09 17:17:29', '2021-11-09 17:17:29'),
('HD20211111100251', 'CTSP20210723210943', 1, 14400, 129600, '2021-11-10 20:02:51', '2021-11-10 20:02:51'),
('HD20211111100251', 'CTSP20210723211954', 2, 0, 476000, '2021-11-10 20:02:51', '2021-11-10 20:02:51'),
('HD20211111100915', 'CTSP20210723210943', 1, 14400, 129600, '2021-11-10 20:09:15', '2021-11-10 20:09:15'),
('HD20211111100915', 'CTSP20210723211954', 2, 0, 476000, '2021-11-10 20:09:15', '2021-11-10 20:09:15'),
('HD20211112094134', 'CTSP20210725142044', 1, 0, 15000, '2021-11-11 19:41:34', '2021-11-11 19:41:34'),
('HD20211112094403', 'CTSP20210724213930', 1, 0, 15000, '2021-11-11 19:44:03', '2021-11-11 19:44:03'),
('HD20211112094403', 'CTSP20210725142052', 1, 0, 25000, '2021-11-11 19:44:03', '2021-11-11 19:44:03'),
('HD20211112141944', 'CTSP20210725142044', 1, 0, 15000, '2021-11-12 00:19:44', '2021-11-12 00:19:44'),
('HD20211113081020', 'CTSP20210723210943', 1, 14400, 129600, '2021-11-12 18:10:20', '2021-11-12 18:10:20'),
('HD20211113081020', 'CTSP20210723211954', 2, 0, 476000, '2021-11-12 18:10:20', '2021-11-12 18:10:20'),
('HD20211113081649', 'CTSP20210725142044', 1, 0, 15000, '2021-11-12 18:16:49', '2021-11-12 18:16:49'),
('HD20211113081649', 'CTSP20210724200359', 1, 17400, 156600, '2021-11-12 18:16:49', '2021-11-12 18:16:49'),
('HD20211114185613', 'CTSP20210723210943', 1, 14400, 129600, '2021-11-14 04:56:14', '2021-11-14 04:56:14'),
('HD20211114185613', 'CTSP20210723212018', 2, 0, 179000, '2021-11-14 04:56:14', '2021-11-14 04:56:14'),
('HD20211114190526', 'CTSP20210725142044', 1, 0, 15000, '2021-11-14 05:05:26', '2021-11-14 05:05:26'),
('HD20211114190526', 'CTSP20210724200359', 1, 17400, 156600, '2021-11-14 05:05:26', '2021-11-14 05:05:26'),
('HD20211114192754', 'CTSP20210723210943', 2, 14400, 259200, '2021-11-14 05:27:54', '2021-11-14 05:27:54'),
('HD20211114192754', 'CTSP20210723211954', 2, 0, 476000, '2021-11-14 05:27:54', '2021-11-14 05:27:54'),
('HD20211115123901', 'CTSP20210723210943', 2, 14400, 259200, '2021-11-14 22:39:01', '2021-11-14 22:39:01'),
('HD20211115124343', 'CTSP20210725142044', 1, 0, 15000, '2021-11-14 22:43:43', '2021-11-14 22:43:43'),
('HD20211115124343', 'CTSP20210724200359', 1, 17400, 156600, '2021-11-14 22:43:43', '2021-11-14 22:43:43'),
('HD20220730215939', 'CTSP20210724211723', 1, 0, 10000, '2022-07-30 21:59:39', '2022-07-30 21:59:39'),
('HD20220731010729', 'CTSP20210724211944', 2, 0, 40000, '2022-07-31 01:07:29', '2022-07-31 01:07:29'),
('HD20220731012155', 'CTSP20210725142006', 2, 0, 30000, '2022-07-31 01:21:55', '2022-07-31 01:21:55');

-- --------------------------------------------------------

--
-- Table structure for table `chi_tiet_khuyen_mai`
--

DROP TABLE IF EXISTS `chi_tiet_khuyen_mai`;
CREATE TABLE IF NOT EXISTS `chi_tiet_khuyen_mai` (
  `id_chitietsanpham` char(18) COLLATE utf8mb4_unicode_ci NOT NULL,
  `id_khuyenmai` char(18) COLLATE utf8mb4_unicode_ci NOT NULL,
  `muckhuyenmai` int(11) NOT NULL,
  `created_at` timestamp NULL DEFAULT NULL,
  `updated_at` timestamp NULL DEFAULT NULL,
  KEY `chi_tiet_khuyen_mai_id_chitietsanpham_foreign` (`id_chitietsanpham`),
  KEY `chi_tiet_khuyen_mai_id_khuyenmai_foreign` (`id_khuyenmai`)
) ENGINE=InnoDB DEFAULT CHARSET=utf8mb4 COLLATE=utf8mb4_unicode_ci;

--
-- Dumping data for table `chi_tiet_khuyen_mai`
--

INSERT INTO `chi_tiet_khuyen_mai` (`id_chitietsanpham`, `id_khuyenmai`, `muckhuyenmai`, `created_at`, `updated_at`) VALUES
('CTSP20210723210943', 'KM20210726170807', 10, '2021-10-29 01:52:47', '2021-10-29 01:52:47'),
('CTSP20210723211807', 'KM20210726170807', 10, '2021-10-29 01:53:06', '2021-10-29 01:53:06'),
('CTSP20210723211954', 'KM20210726170807', 10, '2021-10-29 01:53:16', '2021-10-29 01:53:16'),
('CTSP20210723212312', 'KM20210726170807', 10, '2021-10-29 01:53:24', '2021-10-29 01:53:24'),
('CTSP20210723212447', 'KM20210726170807', 10, '2021-10-29 01:53:31', '2021-10-29 01:53:31'),
('CTSP20210723210943', 'KM20210726170929', 10, '2021-10-29 01:53:52', '2021-10-29 01:53:52'),
('CTSP20210723211807', 'KM20210726170929', 10, '2021-10-29 01:54:00', '2021-10-29 01:54:00'),
('CTSP20210723212312', 'KM20210726170929', 10, '2021-10-29 01:54:19', '2021-10-29 01:54:19'),
('CTSP20210723212447', 'KM20210726170929', 10, '2021-10-29 01:54:27', '2021-10-29 01:54:27'),
('CTSP20210723214231', 'KM20210726170929', 10, '2021-10-29 01:54:57', '2021-10-29 01:54:57'),
('CTSP20210723210943', 'KM20210726171103', 10, '2021-10-29 01:57:14', '2021-10-29 01:57:14'),
('CTSP20210723211807', 'KM20210726171103', 10, '2021-10-29 01:57:25', '2021-10-29 01:57:25'),
('CTSP20210723211954', 'KM20210726171103', 10, '2021-10-29 01:57:31', '2021-10-29 01:57:31'),
('CTSP20210723210943', 'KM20210726171204', 10, '2021-10-29 01:57:36', '2021-10-29 01:57:45'),
('CTSP20210723211807', 'KM20210726171204', 10, '2021-10-29 01:57:41', '2021-10-29 01:57:41'),
('CTSP20210723211954', 'KM20210726171204', 10, '2021-10-29 01:57:51', '2021-10-29 01:57:51'),
('CTSP20210723212312', 'KM20210726171204', 10, '2021-10-29 01:57:57', '2021-10-29 01:57:57'),
('CTSP20210723212447', 'KM20210726171204', 10, '2021-10-29 01:58:02', '2021-10-29 01:58:02'),
('CTSP20210724200359', 'KM20210726170929', 10, '2021-11-08 03:48:22', '2021-11-08 03:48:22');

-- --------------------------------------------------------

--
-- Table structure for table `chi_tiet_san_pham`
--

DROP TABLE IF EXISTS `chi_tiet_san_pham`;
CREATE TABLE IF NOT EXISTS `chi_tiet_san_pham` (
  `id` char(18) COLLATE utf8mb4_unicode_ci NOT NULL,
  `kichthuoc` char(18) COLLATE utf8mb4_unicode_ci NOT NULL,
  `soluong` int(11) NOT NULL,
  `giasanpham` int(11) NOT NULL,
  `ngaysanxuat` date NOT NULL,
  `hansudung` date NOT NULL,
  `id_sanpham` char(18) COLLATE utf8mb4_unicode_ci NOT NULL,
  `trangthai` tinyint(1) NOT NULL,
  `created_at` timestamp NULL DEFAULT NULL,
  `updated_at` timestamp NULL DEFAULT NULL,
  PRIMARY KEY (`id`),
  KEY `chi_tiet_san_pham_id_sanpham_foreign` (`id_sanpham`),
  KEY `chi_tiet_san_pham_kichthuoc_foreign` (`kichthuoc`)
) ENGINE=InnoDB DEFAULT CHARSET=utf8mb4 COLLATE=utf8mb4_unicode_ci;

--
-- Dumping data for table `chi_tiet_san_pham`
--

INSERT INTO `chi_tiet_san_pham` (`id`, `kichthuoc`, `soluong`, `giasanpham`, `ngaysanxuat`, `hansudung`, `id_sanpham`, `trangthai`, `created_at`, `updated_at`) VALUES
('CTSP20210723210943', 'QC20210723205910', 965, 144000, '2021-07-23', '2022-01-01', 'SP20210723210505', 1, '2021-07-23 07:09:43', '2021-11-14 22:39:33'),
('CTSP20210723211539', 'QC20210723205921', 995, 57000, '2021-07-23', '2022-01-01', 'SP20210723210505', 1, '2021-07-23 07:15:39', '2021-11-09 17:18:17'),
('CTSP20210723211807', 'QC20210723205910', 997, 138000, '2021-07-23', '2022-01-01', 'SP20210723211649', 1, '2021-07-23 07:18:07', '2021-11-08 00:14:12'),
('CTSP20210723211832', 'QC20210723205921', 999, 55000, '2021-07-23', '2022-01-01', 'SP20210723211649', 1, '2021-07-23 07:18:32', '2021-11-09 01:34:28'),
('CTSP20210723211954', 'QC20210723205910', 985, 238000, '2021-07-23', '2022-01-01', 'SP20210723211939', 1, '2021-07-23 07:19:54', '2021-11-14 05:30:01'),
('CTSP20210723212018', 'QC20210723205921', 997, 89500, '2021-07-23', '2022-01-01', 'SP20210723211939', 1, '2021-07-23 07:20:18', '2021-11-14 04:58:07'),
('CTSP20210723212312', 'QC20210723205910', 994, 119000, '2021-07-23', '2022-01-01', 'SP20210723212256', 1, '2021-07-23 07:23:12', '2021-11-06 17:57:50'),
('CTSP20210723212400', 'QC20210723205921', 1000, 47500, '2021-07-23', '2022-01-01', 'SP20210723212256', 1, '2021-07-23 07:24:00', '2021-07-23 07:24:00'),
('CTSP20210723212447', 'QC20210723205910', 982, 169000, '2021-07-23', '2022-01-01', 'SP20210723212430', 1, '2021-07-23 07:24:47', '2021-11-06 17:57:50'),
('CTSP20210723212508', 'QC20210723205921', 1000, 67500, '2021-07-23', '2022-01-01', 'SP20210723212430', 1, '2021-07-23 07:25:08', '2021-07-23 07:25:08'),
('CTSP20210723214231', 'QC20210723205910', 992, 75000, '2021-07-23', '2022-01-01', 'SP20210723213953', 1, '2021-07-23 07:42:31', '2021-11-08 00:46:29'),
('CTSP20210723214438', 'QC20210723205910', 1000, 112000, '2021-07-23', '2022-01-01', 'SP20210723214407', 1, '2021-07-23 07:44:38', '2021-07-23 07:44:38'),
('CTSP20210723215458', 'QC20210723205910', 1000, 158000, '2021-07-23', '2022-01-01', 'SP20210723214944', 1, '2021-07-23 07:54:58', '2021-07-23 07:54:58'),
('CTSP20210723220135', 'QC20210723205910', 1000, 84000, '2021-07-23', '2022-01-01', 'SP20210723215831', 1, '2021-07-23 08:01:35', '2021-07-23 08:01:35'),
('CTSP20210723220358', 'QC20210723205910', 1000, 132000, '2021-07-23', '2022-01-01', 'SP20210723220327', 1, '2021-07-23 08:03:58', '2021-07-23 08:03:58'),
('CTSP20210724193800', 'QC20210723205910', 1000, 172000, '2021-07-24', '2022-01-01', 'SP20210724193722', 1, '2021-07-24 05:38:00', '2021-07-24 05:38:00'),
('CTSP20210724193958', 'QC20210723205910', 1000, 158000, '2021-07-24', '2022-01-01', 'SP20210724193938', 1, '2021-07-24 05:39:58', '2021-07-24 05:39:58'),
('CTSP20210724194141', 'QC20210723205910', 1000, 122000, '2021-07-24', '2022-01-01', 'SP20210724194127', 1, '2021-07-24 05:41:41', '2021-07-24 05:41:41'),
('CTSP20210724194340', 'QC20210723205910', 0, 124000, '2021-07-24', '2022-01-01', 'SP20210724194301', 1, '2021-07-24 05:43:40', '2021-10-29 05:53:59'),
('CTSP20210724194358', 'QC20210723205921', 10, 49500, '2021-07-24', '2021-10-28', 'SP20210724194301', 1, '2021-07-24 05:43:58', '2021-11-08 20:12:36'),
('CTSP20210724194702', 'QC20210723205910', 1000, 127000, '2021-07-24', '2022-01-01', 'SP20210724194557', 1, '2021-07-24 05:47:02', '2021-07-24 05:47:02'),
('CTSP20210724194726', 'QC20210723205921', 1000, 50500, '2021-07-24', '2022-01-01', 'SP20210724194557', 1, '2021-07-24 05:47:26', '2021-07-24 05:47:26'),
('CTSP20210724194853', 'QC20210723205910', 997, 139000, '2021-07-23', '2022-01-01', 'SP20210724194833', 1, '2021-07-24 05:48:53', '2021-11-09 01:08:16'),
('CTSP20210724194929', 'QC20210723205921', 0, 55500, '2021-07-24', '2022-01-01', 'SP20210724194833', 1, '2021-07-24 05:49:29', '2021-10-29 01:38:35'),
('CTSP20210724195032', 'QC20210723205910', 999, 129000, '2021-07-24', '2022-01-01', 'SP20210724195018', 1, '2021-07-24 05:50:32', '2021-11-06 20:25:06'),
('CTSP20210724195058', 'QC20210723205921', 12, 51500, '2021-01-24', '2021-07-01', 'SP20210724195018', 1, '2021-07-24 05:50:58', '2021-10-29 05:53:42'),
('CTSP20210724195313', 'QC20210723205910', 997, 122000, '2021-07-24', '2022-01-01', 'SP20210724195244', 1, '2021-07-24 05:53:13', '2021-11-09 01:08:16'),
('CTSP20210724195329', 'QC20210723205921', 1000, 48500, '2021-07-24', '2022-01-01', 'SP20210724195244', 1, '2021-07-24 05:53:29', '2021-07-24 05:53:29'),
('CTSP20210724195618', 'QC20210723205910', 1000, 124000, '2021-07-24', '2022-01-01', 'SP20210724195517', 1, '2021-07-24 05:56:18', '2021-07-24 05:56:18'),
('CTSP20210724195642', 'QC20210723205921', 1000, 49500, '2021-07-24', '2022-01-01', 'SP20210724195517', 1, '2021-07-24 05:56:42', '2021-07-24 05:56:42'),
('CTSP20210724195730', 'QC20210723205910', 1000, 127000, '2021-07-24', '2022-01-01', 'SP20210724195713', 1, '2021-07-24 05:57:30', '2021-07-24 05:57:30'),
('CTSP20210724195747', 'QC20210723205921', 15, 50500, '2021-01-24', '2021-07-01', 'SP20210724195713', 1, '2021-07-24 05:57:47', '2021-10-29 01:31:39'),
('CTSP20210724195938', 'QC20210723205910', 999, 129000, '2021-07-24', '2022-01-01', 'SP20210724195917', 1, '2021-07-24 05:59:38', '2021-11-09 02:24:22'),
('CTSP20210724195954', 'QC20210723205921', 0, 51500, '2021-07-24', '2022-01-01', 'SP20210724195917', 1, '2021-07-24 05:59:54', '2021-10-29 01:38:52'),
('CTSP20210724200137', 'QC20210723205910', 995, 179000, '2021-07-24', '2022-01-01', 'SP20210724200121', 1, '2021-07-24 06:01:37', '2021-11-08 18:40:38'),
('CTSP20210724200223', 'QC20210723205921', 0, 71500, '2021-07-24', '2022-01-01', 'SP20210724200121', 1, '2021-07-24 06:02:23', '2021-10-29 01:37:18'),
('CTSP20210724200359', 'QC20210723205910', 994, 174000, '2021-10-29', '2022-01-31', 'SP20210724200341', 1, '2021-07-24 06:03:59', '2021-11-14 22:43:43'),
('CTSP20210724200431', 'QC20210723205921', 10, 69500, '2021-07-24', '2021-10-09', 'SP20210724200341', 1, '2021-07-24 06:04:31', '2021-11-08 20:14:20'),
('CTSP20210724211723', 'QC20210723205931', 1999999999, 10000, '1000-01-01', '9999-12-31', 'SP20210724211648', 1, '2021-07-24 07:17:23', '2022-07-31 01:16:57'),
('CTSP20210724211850', 'QC20210723205940', 1999999999, 15000, '1000-01-01', '9999-12-31', 'SP20210724211648', 1, '2021-07-24 07:18:50', '2021-08-13 21:00:41'),
('CTSP20210724211900', 'QC20210723205946', 2000000000, 20000, '1000-01-01', '9999-12-31', 'SP20210724211648', 1, '2021-07-24 07:19:00', '2021-07-24 07:19:00'),
('CTSP20210724211930', 'QC20210723205931', 2000000000, 10000, '1000-01-01', '9999-12-31', 'SP20210724211923', 1, '2021-07-24 07:19:30', '2021-07-24 07:19:30'),
('CTSP20210724211937', 'QC20210723205940', 2000000000, 15000, '1000-01-01', '9999-12-31', 'SP20210724211923', 1, '2021-07-24 07:19:37', '2021-07-24 07:19:37'),
('CTSP20210724211944', 'QC20210723205946', 1999999998, 20000, '1000-01-01', '9999-12-31', 'SP20210724211923', 1, '2021-07-24 07:19:44', '2022-07-31 01:08:17'),
('CTSP20210724212025', 'QC20210723205931', 2000000000, 10000, '1000-01-01', '9999-12-31', 'SP20210724212019', 1, '2021-07-24 07:20:25', '2021-07-24 07:20:25'),
('CTSP20210724212031', 'QC20210723205940', 2000000000, 15000, '1000-01-01', '9999-12-31', 'SP20210724212019', 1, '2021-07-24 07:20:31', '2021-07-24 07:20:37'),
('CTSP20210724212044', 'QC20210723205946', 2000000000, 20000, '1000-01-01', '9999-12-31', 'SP20210724212019', 1, '2021-07-24 07:20:44', '2021-07-24 07:20:44'),
('CTSP20210724212142', 'QC20210723205931', 2000000000, 10000, '1000-01-01', '9999-12-31', 'SP20210724212111', 1, '2021-07-24 07:21:42', '2021-07-24 07:21:42'),
('CTSP20210724212149', 'QC20210723205940', 2000000000, 15000, '1000-01-01', '9999-12-31', 'SP20210724212111', 1, '2021-07-24 07:21:49', '2021-07-24 07:21:49'),
('CTSP20210724212155', 'QC20210723205946', 1999999997, 20000, '1000-01-01', '9999-12-31', 'SP20210724212111', 1, '2021-07-24 07:21:55', '2021-08-14 19:55:57'),
('CTSP20210724212221', 'QC20210723205931', 2000000000, 10000, '1000-01-01', '9999-12-31', 'SP20210724212213', 1, '2021-07-24 07:22:21', '2021-07-24 07:22:21'),
('CTSP20210724212228', 'QC20210723205940', 2000000000, 15000, '1000-01-01', '9999-12-31', 'SP20210724212213', 1, '2021-07-24 07:22:28', '2021-07-24 07:22:28'),
('CTSP20210724212234', 'QC20210723205946', 2000000000, 20000, '1000-01-01', '9999-12-31', 'SP20210724212213', 1, '2021-07-24 07:22:34', '2021-07-24 07:22:34'),
('CTSP20210724212259', 'QC20210723205931', 2000000000, 10000, '1000-01-01', '9999-12-31', 'SP20210724212251', 1, '2021-07-24 07:22:59', '2021-07-24 07:22:59'),
('CTSP20210724212306', 'QC20210723205940', 2000000000, 15000, '1000-01-01', '9999-12-31', 'SP20210724212251', 1, '2021-07-24 07:23:06', '2021-07-24 07:23:06'),
('CTSP20210724212314', 'QC20210723205946', 2000000000, 20000, '1000-01-01', '9999-12-31', 'SP20210724212251', 1, '2021-07-24 07:23:14', '2021-07-24 07:23:14'),
('CTSP20210724212404', 'QC20210723205931', 2000000000, 10000, '1000-01-01', '9999-12-31', 'SP20210724212356', 1, '2021-07-24 07:24:04', '2021-07-24 07:24:04'),
('CTSP20210724212411', 'QC20210723205940', 2000000000, 15000, '1000-01-01', '9999-12-31', 'SP20210724212356', 1, '2021-07-24 07:24:11', '2021-07-24 07:24:11'),
('CTSP20210724212418', 'QC20210723205946', 2000000000, 20000, '1000-01-01', '9999-12-31', 'SP20210724212356', 1, '2021-07-24 07:24:18', '2021-07-24 07:24:18'),
('CTSP20210724212721', 'QC20210723205931', 2000000000, 10000, '1000-01-01', '9999-12-31', 'SP20210724212704', 1, '2021-07-24 07:27:21', '2021-07-24 07:27:21'),
('CTSP20210724212728', 'QC20210723205940', 2000000000, 15000, '1000-01-01', '9999-12-31', 'SP20210724212704', 1, '2021-07-24 07:27:28', '2021-07-24 07:27:28'),
('CTSP20210724212736', 'QC20210723205946', 2000000000, 20000, '1000-01-01', '9999-12-31', 'SP20210724212704', 1, '2021-07-24 07:27:36', '2021-07-24 07:27:36'),
('CTSP20210724212805', 'QC20210723205931', 2000000000, 10000, '1000-01-01', '9999-12-31', 'SP20210724212756', 1, '2021-07-24 07:28:05', '2021-07-24 07:28:05'),
('CTSP20210724212814', 'QC20210723205940', 2000000000, 15000, '1000-01-01', '9999-12-31', 'SP20210724212756', 1, '2021-07-24 07:28:14', '2021-07-24 07:28:14'),
('CTSP20210724212820', 'QC20210723205946', 2000000000, 20000, '1000-01-01', '9999-12-31', 'SP20210724212756', 1, '2021-07-24 07:28:20', '2021-07-24 07:28:20'),
('CTSP20210724212851', 'QC20210723205931', 2000000000, 10000, '1000-01-01', '9999-12-31', 'SP20210724212835', 1, '2021-07-24 07:28:51', '2021-07-24 07:28:51'),
('CTSP20210724212857', 'QC20210723205940', 2000000000, 15000, '1000-01-01', '9999-12-31', 'SP20210724212835', 1, '2021-07-24 07:28:57', '2021-07-24 07:28:57'),
('CTSP20210724212903', 'QC20210723205946', 2000000000, 20000, '1000-01-01', '9999-12-31', 'SP20210724212835', 1, '2021-07-24 07:29:03', '2021-07-24 07:29:03'),
('CTSP20210724212944', 'QC20210723205931', 2000000000, 10000, '1000-01-01', '9999-12-31', 'SP20210724212938', 1, '2021-07-24 07:29:44', '2021-07-24 07:29:44'),
('CTSP20210724212950', 'QC20210723205940', 2000000000, 15000, '1000-01-01', '9999-12-31', 'SP20210724212938', 1, '2021-07-24 07:29:50', '2021-07-24 07:29:50'),
('CTSP20210724212956', 'QC20210723205946', 2000000000, 20000, '1000-01-01', '9999-12-31', 'SP20210724212938', 1, '2021-07-24 07:29:56', '2021-07-24 07:29:56'),
('CTSP20210724213013', 'QC20210723205931', 2000000000, 10000, '1000-01-01', '9999-12-31', 'SP20210724213007', 1, '2021-07-24 07:30:13', '2021-07-24 07:30:13'),
('CTSP20210724213019', 'QC20210723205940', 2000000000, 15000, '1000-01-01', '9999-12-31', 'SP20210724213007', 1, '2021-07-24 07:30:19', '2021-07-24 07:30:19'),
('CTSP20210724213024', 'QC20210723205946', 2000000000, 20000, '1000-01-01', '9999-12-31', 'SP20210724213007', 1, '2021-07-24 07:30:24', '2021-07-24 07:30:24'),
('CTSP20210724213045', 'QC20210723205931', 2000000000, 10000, '1000-01-01', '9999-12-31', 'SP20210724213038', 1, '2021-07-24 07:30:45', '2021-07-24 07:30:45'),
('CTSP20210724213051', 'QC20210723205940', 2000000000, 15000, '1000-01-01', '9999-12-31', 'SP20210724213038', 1, '2021-07-24 07:30:51', '2021-07-24 07:30:51'),
('CTSP20210724213057', 'QC20210723205946', 2000000000, 20000, '1000-01-01', '9999-12-31', 'SP20210724213038', 1, '2021-07-24 07:30:57', '2021-07-24 07:30:57'),
('CTSP20210724213148', 'QC20210723205931', 2000000000, 10000, '1000-01-01', '9999-12-31', 'SP20210724213142', 1, '2021-07-24 07:31:48', '2021-07-24 07:31:48'),
('CTSP20210724213154', 'QC20210723205940', 2000000000, 15000, '1000-01-01', '9999-12-31', 'SP20210724213142', 1, '2021-07-24 07:31:54', '2021-07-24 07:31:54'),
('CTSP20210724213200', 'QC20210723205946', 2000000000, 20000, '1000-01-01', '9999-12-31', 'SP20210724213142', 1, '2021-07-24 07:32:00', '2021-07-24 07:32:00'),
('CTSP20210724213222', 'QC20210723205931', 2000000000, 10000, '1000-01-01', '9999-12-31', 'SP20210724213215', 1, '2021-07-24 07:32:22', '2021-07-24 07:32:22'),
('CTSP20210724213229', 'QC20210723205940', 2000000000, 15000, '1000-01-01', '9999-12-31', 'SP20210724213215', 1, '2021-07-24 07:32:29', '2021-07-24 07:32:29'),
('CTSP20210724213235', 'QC20210723205946', 2000000000, 20000, '1000-01-01', '9999-12-31', 'SP20210724213215', 1, '2021-07-24 07:32:35', '2021-07-24 07:32:35'),
('CTSP20210724213254', 'QC20210723205931', 2000000000, 10000, '1000-01-01', '9999-12-31', 'SP20210724213248', 1, '2021-07-24 07:32:54', '2021-07-24 07:32:54'),
('CTSP20210724213300', 'QC20210723205940', 2000000000, 15000, '1000-01-01', '9999-12-31', 'SP20210724213248', 1, '2021-07-24 07:33:00', '2021-07-24 07:33:00'),
('CTSP20210724213306', 'QC20210723205946', 2000000000, 20000, '1000-01-01', '9999-12-31', 'SP20210724213248', 1, '2021-07-24 07:33:06', '2021-07-24 07:33:06'),
('CTSP20210724213342', 'QC20210723205931', 2000000000, 10000, '1000-01-01', '9999-12-31', 'SP20210724213327', 1, '2021-07-24 07:33:42', '2021-07-24 07:33:42'),
('CTSP20210724213348', 'QC20210723205940', 2000000000, 15000, '1000-01-01', '9999-12-31', 'SP20210724213327', 1, '2021-07-24 07:33:48', '2021-07-24 07:33:48'),
('CTSP20210724213354', 'QC20210723205946', 2000000000, 20000, '1000-01-01', '9999-12-31', 'SP20210724213327', 1, '2021-07-24 07:33:54', '2021-07-24 07:33:54'),
('CTSP20210724213412', 'QC20210723205931', 2000000000, 10000, '1000-01-01', '9999-12-31', 'SP20210724213406', 1, '2021-07-24 07:34:12', '2021-07-24 07:34:12'),
('CTSP20210724213417', 'QC20210723205940', 2000000000, 15000, '1000-01-01', '9999-12-31', 'SP20210724213406', 1, '2021-07-24 07:34:17', '2021-07-24 07:34:17'),
('CTSP20210724213424', 'QC20210723205946', 2000000000, 20000, '1000-01-01', '9999-12-31', 'SP20210724213406', 1, '2021-07-24 07:34:24', '2021-07-24 07:34:24'),
('CTSP20210724213448', 'QC20210723205931', 2000000000, 10000, '1000-01-01', '9999-12-31', 'SP20210724213439', 1, '2021-07-24 07:34:48', '2021-07-24 07:34:48'),
('CTSP20210724213454', 'QC20210723205940', 2000000000, 15000, '1000-01-01', '9999-12-31', 'SP20210724213439', 1, '2021-07-24 07:34:54', '2021-07-24 07:34:54'),
('CTSP20210724213500', 'QC20210723205946', 2000000000, 20000, '1000-01-01', '9999-12-31', 'SP20210724213439', 1, '2021-07-24 07:35:00', '2021-07-24 07:35:00'),
('CTSP20210724213924', 'QC20210723205931', 2000000000, 10000, '1000-01-01', '9999-12-31', 'SP20210724213516', 1, '2021-07-24 07:39:24', '2021-07-24 07:39:24'),
('CTSP20210724213930', 'QC20210723205940', 2000000000, 15000, '1000-01-01', '9999-12-31', 'SP20210724213516', 1, '2021-07-24 07:39:30', '2021-07-24 07:39:30'),
('CTSP20210724213937', 'QC20210723205946', 2000000000, 20000, '1000-01-01', '9999-12-31', 'SP20210724213516', 1, '2021-07-24 07:39:37', '2021-07-24 07:39:37'),
('CTSP20210725131930', 'QC20210723210000', 2000000000, 15000, '1000-01-01', '9999-12-31', 'SP20210725131925', 1, '2021-07-24 23:19:30', '2021-07-25 00:17:54'),
('CTSP20210725141614', 'QC20210723210009', 2000000000, 25000, '1000-01-01', '9999-12-31', 'SP20210725131925', 1, '2021-07-25 00:16:14', '2021-07-25 00:17:45'),
('CTSP20210725141632', 'QC20210723210000', 2000000000, 15000, '1000-01-01', '9999-12-31', 'SP20210725132731', 1, '2021-07-25 00:16:32', '2021-07-25 00:16:32'),
('CTSP20210725141639', 'QC20210723210009', 2000000000, 25000, '1000-01-01', '9999-12-31', 'SP20210725132731', 1, '2021-07-25 00:16:39', '2021-07-25 00:17:36'),
('CTSP20210725141717', 'QC20210723210000', 2000000000, 15000, '1000-01-01', '9999-12-31', 'SP20210725133053', 1, '2021-07-25 00:17:17', '2021-07-25 00:17:17'),
('CTSP20210725141726', 'QC20210723210009', 2000000000, 25000, '1000-01-01', '9999-12-31', 'SP20210725133053', 1, '2021-07-25 00:17:26', '2021-07-25 00:17:26'),
('CTSP20210725141811', 'QC20210723210000', 2000000000, 15000, '1000-01-01', '9999-12-31', 'SP20210725133403', 1, '2021-07-25 00:18:11', '2021-07-25 00:18:11'),
('CTSP20210725141818', 'QC20210723210009', 2000000000, 25000, '1000-01-01', '9999-12-31', 'SP20210725133403', 1, '2021-07-25 00:18:18', '2021-07-25 00:18:18'),
('CTSP20210725141849', 'QC20210723210000', 2000000000, 15000, '1000-01-01', '9999-12-31', 'SP20210725134027', 1, '2021-07-25 00:18:49', '2021-07-25 00:18:49'),
('CTSP20210725141856', 'QC20210723210009', 2000000000, 25000, '1000-01-01', '9999-12-31', 'SP20210725134027', 1, '2021-07-25 00:18:56', '2021-07-25 00:18:56'),
('CTSP20210725141902', 'QC20210723210000', 2000000000, 15000, '1000-01-01', '9999-12-31', 'SP20210725134711', 1, '2021-07-25 00:19:02', '2021-07-25 00:19:02'),
('CTSP20210725141907', 'QC20210723210009', 2000000000, 20000, '1000-01-01', '9999-12-31', 'SP20210725134711', 1, '2021-07-25 00:19:07', '2021-08-01 23:55:04'),
('CTSP20210725141924', 'QC20210723210000', 2000000000, 15000, '1000-01-01', '9999-12-31', 'SP20210725135201', 1, '2021-07-25 00:19:24', '2021-07-25 00:19:24'),
('CTSP20210725141930', 'QC20210723210009', 2000000000, 25000, '1000-01-01', '9999-12-31', 'SP20210725135201', 1, '2021-07-25 00:19:30', '2021-07-25 00:19:30'),
('CTSP20210725141936', 'QC20210723210000', 2000000000, 15000, '1000-01-01', '9999-12-31', 'SP20210725135618', 1, '2021-07-25 00:19:36', '2021-07-25 00:19:36'),
('CTSP20210725141944', 'QC20210723210009', 2000000000, 25000, '1000-01-01', '9999-12-31', 'SP20210725135618', 1, '2021-07-25 00:19:44', '2021-07-25 00:19:44'),
('CTSP20210725141954', 'QC20210723210000', 2000000000, 15000, '1000-01-01', '9999-12-31', 'SP20210725135926', 1, '2021-07-25 00:19:54', '2021-07-25 00:19:54'),
('CTSP20210725142000', 'QC20210723210009', 2000000000, 25000, '1000-01-01', '9999-12-31', 'SP20210725135926', 1, '2021-07-25 00:20:00', '2021-07-25 00:20:21'),
('CTSP20210725142006', 'QC20210723210000', 2000000000, 15000, '1000-01-01', '9999-12-31', 'SP20210725140355', 1, '2021-07-25 00:20:06', '2021-07-25 00:20:06'),
('CTSP20210725142011', 'QC20210723210009', 2000000000, 25000, '1000-01-01', '9999-12-31', 'SP20210725140355', 1, '2021-07-25 00:20:11', '2021-07-25 00:20:11'),
('CTSP20210725142032', 'QC20210723210000', 2000000000, 15000, '1000-01-01', '9999-12-31', 'SP20210725140818', 1, '2021-07-25 00:20:32', '2021-07-25 00:20:32'),
('CTSP20210725142038', 'QC20210723210009', 2000000000, 25000, '1000-01-01', '9999-12-31', 'SP20210725140818', 1, '2021-07-25 00:20:38', '2021-07-25 00:20:38'),
('CTSP20210725142044', 'QC20210723210000', 2000000000, 15000, '1000-01-01', '9999-12-31', 'SP20210725141523', 1, '2021-07-25 00:20:44', '2021-07-25 00:20:44'),
('CTSP20210725142052', 'QC20210723210009', 2000000000, 25000, '1000-01-01', '9999-12-31', 'SP20210725141523', 1, '2021-07-25 00:20:52', '2021-10-31 21:17:43');

-- --------------------------------------------------------

--
-- Table structure for table `danh_gia`
--

DROP TABLE IF EXISTS `danh_gia`;
CREATE TABLE IF NOT EXISTS `danh_gia` (
  `id` char(18) COLLATE utf8mb4_unicode_ci NOT NULL,
  `hoten` varchar(50) COLLATE utf8mb4_unicode_ci NOT NULL,
  `noidung` text COLLATE utf8mb4_unicode_ci NOT NULL,
  `email` char(100) COLLATE utf8mb4_unicode_ci NOT NULL,
  `id_sanpham` char(18) COLLATE utf8mb4_unicode_ci NOT NULL,
  `thoigian` datetime NOT NULL,
  `sosao` tinyint(4) NOT NULL,
  `trangthai` tinyint(1) NOT NULL,
  `created_at` timestamp NULL DEFAULT NULL,
  `updated_at` timestamp NULL DEFAULT NULL,
  PRIMARY KEY (`id`),
  KEY `danh_gia_id_sanpham_foreign` (`id_sanpham`)
) ENGINE=InnoDB DEFAULT CHARSET=utf8mb4 COLLATE=utf8mb4_unicode_ci;

--
-- Dumping data for table `danh_gia`
--

INSERT INTO `danh_gia` (`id`, `hoten`, `noidung`, `email`, `id_sanpham`, `thoigian`, `sosao`, `trangthai`, `created_at`, `updated_at`) VALUES
('DG20211030205015', 'Lê Minh Luân', 'sản phẩm rất tốt.', 'leminh@gmail.com', 'SP20210723211649', '2021-10-30 20:50:15', 5, 1, '2021-10-30 06:50:15', '2021-10-31 06:04:24'),
('DG20211030205106', 'Lê Minh Luân', 'sản phẩm rất tốt.', 'leminh@gmail.com', 'SP20210723211939', '2021-10-30 20:51:06', 5, 1, '2021-10-30 06:51:06', '2021-10-31 06:04:20'),
('DG20211030205141', 'Lê Minh Luân', 'sản phẩm rất tốt.', 'leminh@gmail.com', 'SP20210723212256', '2021-10-30 20:51:41', 5, 1, '2021-10-30 06:51:41', '2021-10-31 06:04:17'),
('DG20211030205254', 'Lê Minh Luân', 'sản phẩm rất tốt.', 'leminh@gmail.com', 'SP20210723212430', '2021-10-30 20:52:54', 5, 1, '2021-10-30 06:52:54', '2021-10-31 06:04:13'),
('DG20211030205416', 'Lê Minh Luân', 'sản phẩm rất tốt.', 'leminh@gmail.com', 'SP20210723213953', '2021-10-30 20:54:16', 5, 1, '2021-10-30 06:54:16', '2021-10-31 06:04:09'),
('DG20211030205518', 'Lê Minh Luân', 'sản phẩm rất tốt.', 'leminh@gmail.com', 'SP20210723214407', '2021-10-30 20:55:18', 5, 1, '2021-10-30 06:55:18', '2021-10-31 06:03:57'),
('DG20211030205602', 'Lê Minh Luân', 'sản phẩm rất tốt.', 'leminh@gmail.com', 'SP20210723214944', '2021-10-30 20:56:02', 5, 1, '2021-10-30 06:56:02', '2021-10-31 06:03:53'),
('DG20211030205633', 'Lê Minh Luân', 'sản phẩm rất tốt.', 'leminh@gmail.com', 'SP20210723215831', '2021-10-30 20:56:33', 5, 1, '2021-10-30 06:56:33', '2021-10-31 06:03:49'),
('DG20211030205702', 'Lê Minh Luân', 'sản phẩm rất tốt.', 'leminh@gmail.com', 'SP20210723220327', '2021-10-30 20:57:02', 5, 1, '2021-10-30 06:57:02', '2021-10-31 06:03:45'),
('DG20211030205738', 'Lê Minh Luân', 'sản phẩm rất tốt.', 'leminh@gmail.com', 'SP20210724193722', '2021-10-30 20:57:38', 5, 1, '2021-10-30 06:57:38', '2021-10-31 06:03:42'),
('DG20211030205818', 'Lê Minh Luân', 'sản phẩm rất tốt.', 'leminh@gmail.com', 'SP20210724193938', '2021-10-30 20:58:18', 5, 1, '2021-10-30 06:58:19', '2021-10-31 06:03:38'),
('DG20211030205900', 'Lê Minh Luân', 'sản phẩm rất tốt.', 'leminh@gmail.com', 'SP20210724194127', '2021-10-30 20:59:00', 5, 1, '2021-10-30 06:59:00', '2021-10-31 06:03:34'),
('DG20211030205932', 'Lê Minh Luân', 'sản phẩm rất tốt.', 'leminh@gmail.com', 'SP20210724194301', '2021-10-30 20:59:32', 5, 1, '2021-10-30 06:59:32', '2021-10-31 06:03:31'),
('DG20211030210003', 'Lê Minh Luân', 'sản phẩm rất tốt.', 'leminh@gmail.com', 'SP20210724194557', '2021-10-30 21:00:03', 5, 1, '2021-10-30 07:00:03', '2021-10-31 06:03:27'),
('DG20211030210033', 'Lê Minh Luân', 'sản phẩm rất tốt.', 'leminh@gmail.com', 'SP20210724194833', '2021-10-30 21:00:33', 5, 1, '2021-10-30 07:00:33', '2021-10-31 06:03:24'),
('DG20211030210117', 'Lê Minh Luân', 'sản phẩm rất tốt.', 'leminh@gmail.com', 'SP20210724195018', '2021-10-30 21:01:17', 5, 1, '2021-10-30 07:01:17', '2021-10-31 06:03:08'),
('DG20211030210205', 'Lê Minh Luân', 'sản phẩm rất tốt.', 'leminh@gmail.com', 'SP20210724195244', '2021-10-30 21:02:05', 5, 1, '2021-10-30 07:02:05', '2021-10-31 06:03:04'),
('DG20211030210239', 'Lê Minh Luân', 'sản phẩm rất tốt.', 'leminh@gmail.com', 'SP20210724195517', '2021-10-30 21:02:39', 5, 1, '2021-10-30 07:02:39', '2021-10-31 06:03:00'),
('DG20211030210327', 'Lê Minh Luân', 'sản phẩm rất tốt.', 'leminh@gmail.com', 'SP20210724195713', '2021-10-30 21:03:27', 5, 1, '2021-10-30 07:03:27', '2021-10-31 06:02:56'),
('DG20211030210405', 'Lê Minh Luân', 'sản phẩm rất tốt.', 'leminh@gmail.com', 'SP20210724195917', '2021-10-30 21:04:05', 5, 1, '2021-10-30 07:04:05', '2021-10-31 06:02:53'),
('DG20211030210435', 'Lê Minh Luân', 'sản phẩm rất tốt.', 'leminh@gmail.com', 'SP20210724200121', '2021-10-30 21:04:35', 5, 1, '2021-10-30 07:04:35', '2021-10-31 06:02:49'),
('DG20211030210514', 'Lê Minh Luân', 'sản phẩm rất tốt.', 'leminh@gmail.com', 'SP20210724200341', '2021-10-30 21:05:14', 5, 1, '2021-10-30 07:05:14', '2021-10-31 06:02:45'),
('DG20211030214719', 'Lê Minh Luân', 'sản phẩm rất tốt.', 'leminh@gmail.com', 'SP20210724211648', '2021-10-30 21:47:19', 5, 1, '2021-10-30 07:47:19', '2021-10-31 06:02:41'),
('DG20211030214748', 'Lê Minh Luân', 'sản phẩm rất tốt.', 'leminh@gmail.com', 'SP20210724211923', '2021-10-30 21:47:48', 5, 1, '2021-10-30 07:47:48', '2021-10-31 06:02:38'),
('DG20211030214818', 'Lê Minh Luân', 'sản phẩm rất tốt.', 'leminh@gmail.com', 'SP20210724212019', '2021-10-30 21:48:18', 5, 1, '2021-10-30 07:48:18', '2021-10-31 06:02:34'),
('DG20211030214857', 'Lê Minh Luân', 'sản phẩm rất tốt.', 'leminh@gmail.com', 'SP20210724212111', '2021-10-30 21:48:57', 5, 1, '2021-10-30 07:48:57', '2021-10-31 06:00:38'),
('DG20211030214944', 'Lê Minh Luân', 'sản phẩm rất tốt.', 'leminh@gmail.com', 'SP20210724212213', '2021-10-30 21:49:44', 5, 1, '2021-10-30 07:49:44', '2021-10-31 06:00:34'),
('DG20211030215019', 'Lê Minh Luân', 'sản phẩm rất tốt.', 'leminh@gmail.com', 'SP20210724212251', '2021-10-30 21:50:19', 5, 1, '2021-10-30 07:50:19', '2021-10-31 06:00:30'),
('DG20211030215100', 'Lê Minh Luân', 'sản phẩm rất tốt.', 'leminh@gmail.com', 'SP20210724212356', '2021-10-30 21:51:00', 5, 1, '2021-10-30 07:51:00', '2021-10-31 06:00:26'),
('DG20211030215146', 'Lê Minh Luân', 'sản phẩm rất tốt.', 'leminh@gmail.com', 'SP20210724212704', '2021-10-30 21:51:46', 5, 1, '2021-10-30 07:51:46', '2021-10-31 06:00:23'),
('DG20211030215252', 'Lê Minh Luân', 'sản phẩm rất tốt.', 'leminh@gmail.com', 'SP20210724212756', '2021-10-30 21:52:52', 5, 1, '2021-10-30 07:52:52', '2021-10-31 06:00:19'),
('DG20211030215331', 'Lê Minh Luân', 'sản phẩm rất tốt.', 'leminh@gmail.com', 'SP20210724212835', '2021-10-30 21:53:31', 5, 1, '2021-10-30 07:53:31', '2021-10-31 06:00:15'),
('DG20211030215406', 'Lê Minh Luân', 'sản phẩm rất tốt.', 'leminh@gmail.com', 'SP20210724212938', '2021-10-30 21:54:06', 5, 1, '2021-10-30 07:54:06', '2021-10-31 06:00:12'),
('DG20211030215455', 'Lê Minh Luân', 'sản phẩm rất tốt.', 'leminh@gmail.com', 'SP20210724213007', '2021-10-30 21:54:55', 5, 1, '2021-10-30 07:54:55', '2021-10-31 06:00:07'),
('DG20211030215543', 'Lê Minh Luân', 'sản phẩm rất tốt.', 'leminh@gmail.com', 'SP20210724213038', '2021-10-30 21:55:43', 5, 1, '2021-10-30 07:55:43', '2021-10-31 06:00:04'),
('DG20211030215637', 'Lê Minh Luân', 'sản phẩm rất tốt.', 'leminh@gmail.com', 'SP20210724213142', '2021-10-30 21:56:37', 5, 1, '2021-10-30 07:56:37', '2021-10-31 05:59:20'),
('DG20211030215737', 'Lê Minh Luân', 'sản phẩm rất tốt.', 'leminh@gmail.com', 'SP20210724213215', '2021-10-30 21:57:37', 5, 1, '2021-10-30 07:57:37', '2021-10-31 05:59:16'),
('DG20211030215821', 'Lê Minh Luân', 'sản phẩm rất tốt.', 'leminh@gmail.com', 'SP20210724213248', '2021-10-30 21:58:21', 5, 1, '2021-10-30 07:58:21', '2021-10-31 05:59:12'),
('DG20211030215904', 'Lê Minh Luân', 'sản phẩm rất tốt.', 'leminh@gmail.com', 'SP20210724213327', '2021-10-30 21:59:04', 5, 1, '2021-10-30 07:59:04', '2021-10-31 05:59:08'),
('DG20211030215934', 'Lê Minh Luân', 'sản phẩm rất tốt.', 'leminh@gmail.com', 'SP20210724213406', '2021-10-30 21:59:34', 5, 1, '2021-10-30 07:59:34', '2021-10-31 05:59:05'),
('DG20211030220005', 'Lê Minh Luân', 'sản phẩm rất tốt.', 'leminh@gmail.com', 'SP20210724213439', '2021-10-30 22:00:05', 5, 1, '2021-10-30 08:00:05', '2021-10-31 05:59:01'),
('DG20211030220043', 'Lê Minh Luân', 'sản phẩm rất tốt.', 'leminh@gmail.com', 'SP20210724213516', '2021-10-30 22:00:43', 5, 1, '2021-10-30 08:00:43', '2021-10-31 05:58:57'),
('DG20211030220114', 'Lê Minh Luân', 'sản phẩm rất tốt.', 'leminh@gmail.com', 'SP20210725131925', '2021-10-30 22:01:14', 5, 1, '2021-10-30 08:01:14', '2021-10-31 05:58:53'),
('DG20211030220147', 'Lê Minh Luân', 'sản phẩm rất tốt.', 'leminh@gmail.com', 'SP20210725132731', '2021-10-30 22:01:47', 5, 1, '2021-10-30 08:01:47', '2021-10-31 05:58:49'),
('DG20211030220224', 'Lê Minh Luân', 'sản phẩm rất tốt.', 'leminh@gmail.com', 'SP20210725133053', '2021-10-30 22:02:24', 5, 1, '2021-10-30 08:02:24', '2021-10-31 05:58:46'),
('DG20211030220300', 'Lê Minh Luân', 'sản phẩm rất tốt.', 'leminh@gmail.com', 'SP20210725133403', '2021-10-30 22:03:00', 5, 1, '2021-10-30 08:03:00', '2021-10-31 05:57:39'),
('DG20211030220517', 'Lê Minh Luân', 'sản phẩm rất tốt.', 'leminh@gmail.com', 'SP20210725134027', '2021-10-30 22:05:17', 5, 1, '2021-10-30 08:05:17', '2021-10-31 05:57:35'),
('DG20211030220611', 'Lê Minh Luân', 'sản phẩm rất tốt.', 'leminh@gmail.com', 'SP20210725134711', '2021-10-30 22:06:11', 5, 1, '2021-10-30 08:06:11', '2021-10-31 05:57:31'),
('DG20211030220717', 'Lê Minh Luân', 'sản phẩm rất tốt.', 'leminh@gmail.com', 'SP20210725135201', '2021-10-30 22:07:17', 5, 1, '2021-10-30 08:07:17', '2021-10-31 05:57:27'),
('DG20211030220758', 'Lê Minh Luân', 'sản phẩm rất tốt.', 'leminh@gmail.com', 'SP20210725135618', '2021-10-30 22:07:58', 5, 1, '2021-10-30 08:07:58', '2021-10-31 05:57:24'),
('DG20211030220913', 'Lê Minh Luân', 'sản phẩm rất tốt.', 'leminh@gmail.com', 'SP20210725135926', '2021-10-30 22:09:13', 5, 1, '2021-10-30 08:09:13', '2021-10-31 05:57:06'),
('DG20211030221008', 'Lê Minh Luân', 'sản phẩm rất tốt.', 'leminh@gmail.com', 'SP20210725140355', '2021-10-30 22:10:08', 5, 1, '2021-10-30 08:10:08', '2021-10-31 05:57:03'),
('DG20211030221047', 'Lê Minh Luân', 'sản phẩm rất tốt.', 'leminh@gmail.com', 'SP20210725140818', '2021-10-30 22:10:47', 5, 1, '2021-10-30 08:10:47', '2021-10-31 05:56:59'),
('DG20211030221217', 'Lê Minh Luân', 'sản phẩm rất tốt.', 'leminh@gmail.com', 'SP20210725141523', '2021-10-30 22:12:17', 5, 1, '2021-10-30 08:12:17', '2021-10-31 05:56:55'),
('DG20211031124236', 'Lê Minh Luân', 'sản phẩm tốt', 'leminh@gmail.com', 'SP20210723210505', '2021-10-31 12:42:36', 4, 1, '2021-10-30 22:42:36', '2021-10-31 05:56:37'),
('DG20211107091038', 'Lê Minh Luân', 'sản phẩm rất tốt', 'luan123@gmail.com', 'SP20210723214407', '2021-11-07 09:10:38', 5, 1, '2021-11-06 19:10:38', '2021-11-06 19:11:02'),
('DG20211107092840', 'Lê Minh Luân', 'sản phẩm rất tốt.', 'luan123@gmail.com', 'SP20210723214944', '2021-11-07 09:28:40', 5, 1, '2021-11-06 19:28:40', '2021-11-06 19:29:06'),
('DG20211109142434', 'Lê Minh Luân', 'sản phẩm rất ngon.', 'luan123@gmail.com', 'SP20210724213516', '2021-11-09 14:24:34', 5, 1, '2021-11-09 00:24:34', '2021-11-09 00:25:49'),
('DG20211109154008', 'Lê Minh Luân', 'sản phẩm này rất chất lượng, tôi đánh giá cao về sản phẩm này.', 'luan123@gmail.com', 'SP20210723215831', '2021-11-09 15:40:08', 5, 1, '2021-11-09 01:40:08', '2021-11-09 01:43:16'),
('DG20211112093628', 'Trần Anh Tuấn', 'sản phẩm rất chất lượng', 'luan123@gmail.com', 'SP20210723210505', '2021-11-12 09:36:28', 5, 1, '2021-11-11 19:36:28', '2021-11-11 19:36:46'),
('DG20211115124044', 'Trần Anh Tuấn', 'sản phẩm rất chất lượng', 'luan123@gmail.com', 'SP20210723211649', '2021-11-15 12:40:44', 5, 1, '2021-11-14 22:40:44', '2021-11-14 22:41:07');

-- --------------------------------------------------------

--
-- Table structure for table `hoa_don`
--

DROP TABLE IF EXISTS `hoa_don`;
CREATE TABLE IF NOT EXISTS `hoa_don` (
  `id` char(18) COLLATE utf8mb4_unicode_ci NOT NULL,
  `ngaylap` datetime NOT NULL,
  `tongtienhoadon` int(11) NOT NULL,
  `giamgia` int(11) NOT NULL,
  `thanhtien` int(11) NOT NULL,
  `diemtichluy` int(11) DEFAULT NULL,
  `tenkhachhang` varchar(50) COLLATE utf8mb4_unicode_ci DEFAULT NULL,
  `sdtkhachhang` char(10) COLLATE utf8mb4_unicode_ci DEFAULT NULL,
  `diachikhachhang` varchar(150) COLLATE utf8mb4_unicode_ci DEFAULT NULL,
  `emailkhachhang` char(100) COLLATE utf8mb4_unicode_ci DEFAULT NULL,
  `ghichukhachhang` text COLLATE utf8mb4_unicode_ci,
  `id_khachhang` char(18) COLLATE utf8mb4_unicode_ci NOT NULL,
  `id_nhanvien` char(18) COLLATE utf8mb4_unicode_ci NOT NULL,
  `hinhthucthanhtoan` char(10) COLLATE utf8mb4_unicode_ci DEFAULT NULL,
  `trangthai` tinyint(4) NOT NULL,
  `created_at` timestamp NULL DEFAULT NULL,
  `updated_at` timestamp NULL DEFAULT NULL,
  PRIMARY KEY (`id`),
  KEY `hoa_don_id_khachhang_foreign` (`id_khachhang`),
  KEY `hoa_don_id_nhanvien_foreign` (`id_nhanvien`)
) ENGINE=InnoDB DEFAULT CHARSET=utf8mb4 COLLATE=utf8mb4_unicode_ci;

--
-- Dumping data for table `hoa_don`
--

INSERT INTO `hoa_don` (`id`, `ngaylap`, `tongtienhoadon`, `giamgia`, `thanhtien`, `diemtichluy`, `tenkhachhang`, `sdtkhachhang`, `diachikhachhang`, `emailkhachhang`, `ghichukhachhang`, `id_khachhang`, `id_nhanvien`, `hinhthucthanhtoan`, `trangthai`, `created_at`, `updated_at`) VALUES
('HD20210727075346', '2021-07-27 07:53:46', 189000, 0, 189000, NULL, 'Khách Vãng Lai', '', NULL, NULL, NULL, 'KH00000000000000', 'NV00000000000000', NULL, 3, '2021-07-26 17:53:46', '2021-10-29 02:00:10'),
('HD20210727075423', '2021-07-26 08:54:28', 189000, 0, 189000, NULL, 'Khách Vãng Lai', NULL, NULL, NULL, NULL, 'KH00000000000000', 'NV00000000000000', NULL, 1, '2021-07-26 17:54:28', '2021-07-26 18:41:40'),
('HD20210727075425', '2021-07-25 07:54:28', 189000, 0, 189000, NULL, 'Khách Vãng Lai', NULL, NULL, NULL, NULL, 'KH00000000000000', 'NV00000000000000', NULL, 1, '2021-07-26 17:54:28', '2021-07-26 18:41:42'),
('HD20210727075428', '2021-07-26 07:54:28', 189000, 0, 189000, NULL, 'Khách Vãng Lai', NULL, NULL, NULL, NULL, 'KH00000000000000', 'NV00000000000000', NULL, 3, '2021-07-26 17:54:28', '2021-07-27 01:05:41'),
('HD20210727084248', '2021-07-27 08:42:48', 144000, 0, 144000, NULL, 'lê minh luân', '0121212121', '180B Lê Văn Sỹ,P.10 Quận Phú Nhuận', 'luan123@gmail.com', NULL, 'KH00000000000000', 'NV11111111111111', NULL, 3, '2021-07-26 18:42:48', '2021-07-27 00:40:03'),
('HD20210727165717', '2021-07-27 16:57:17', 60000, 0, 60000, NULL, 'Khách Vãng Lai', NULL, NULL, NULL, NULL, 'KH00000000000000', 'NV00000000000000', NULL, 1, '2021-07-27 02:57:17', '2021-07-27 02:57:17'),
('HD20210729174331', '2021-07-29 17:43:31', 15000, 0, 15000, NULL, 'Khách Vãng Lai', NULL, NULL, NULL, NULL, 'KH00000000000000', 'NV00000000000000', NULL, 1, '2021-07-29 03:43:31', '2021-07-29 03:43:31'),
('HD20210730123941', '2021-07-30 12:39:41', 462500, 14400, 448100, NULL, 'lê minh luân', '0121212121', '180B Lê Văn Sỹ,P.10 Quận Phú Nhuận', 'luan123@gmail.com', NULL, 'KH00000000000000', 'NV11111111111111', NULL, 1, '2021-07-29 22:39:41', '2021-07-29 22:44:45'),
('HD20210730125026', '2021-07-30 12:50:26', 169000, 0, 169000, NULL, 'lê minh luân', '0121212121', '180B Lê Văn Sỹ,P.10 Quận Phú Nhuận', 'luan123@gmail.com', NULL, 'KH00000000000000', 'NV11111111111111', NULL, 1, '2021-07-29 22:50:26', '2021-07-29 22:50:37'),
('HD20210805202247', '2021-08-05 20:22:47', 144000, 14400, 129600, NULL, 'lê minh luân', '0121212121', NULL, 'luan123@gmail.com', NULL, 'KH00000000000000', 'NV11111111111111', NULL, 1, '2021-08-05 06:22:47', '2021-08-10 20:59:02'),
('HD20210811104428', '2021-08-11 10:44:28', 169000, 0, 169000, NULL, 'leminhluan', '0122121212', 'ấp mới 2', 'luan123@gmail.com', NULL, 'KH00000000000000', 'NV11111111111111', NULL, 1, '2021-08-10 20:44:28', '2021-08-10 20:44:43'),
('HD20210811110040', '2021-08-11 11:00:40', 144000, 14400, 129600, NULL, 'le minh luan', '0121212121', 'a', 'luan123@gmail.com', NULL, 'KH00000000000000', 'NV11111111111111', NULL, 1, '2021-08-10 21:00:40', '2021-08-10 21:00:53'),
('HD20210814105215', '2021-08-14 10:52:15', 561000, 43200, 466020, 47, 'lê minh luân', '0902373620', 'luan123@gmail.com', 'luan123@gmail.com', NULL, 'KH20210724133802', 'NV11111111111111', NULL, 1, '2021-08-13 20:52:15', '2021-08-13 21:00:41'),
('HD20210814105743', '2021-08-14 10:57:43', 526000, 47600, 448388, 45, 'Trần Thị ánh Nguyệt', '0902300279', '265 Dương Đình Hội KP3 P.Tăng Nhơn Phú B Quận 9', 'luan123@gmail.com', NULL, 'KH20210724133318', 'NV00000000000000', NULL, 1, '2021-08-13 20:57:43', '2021-08-13 20:58:24'),
('HD20210814110228', '2021-08-14 11:02:28', 169000, 0, 169000, NULL, 'luân', '0121221212', 'luan123@gmail.com', 'luan123@gmail.com', NULL, 'KH00000000000000', 'NV11111111111111', NULL, 3, '2021-08-13 21:02:28', '2021-08-13 21:02:39'),
('HD20210815095146', '2021-08-15 09:51:46', 138348000, 13828800, 124519200, NULL, 'lê minh luân', '0121212121', '134 ấp mới 1 mỹ hạnh', 'luan123@gmail.com', NULL, 'KH00000000000000', 'NV11111111111111', NULL, 1, '2021-08-14 19:51:46', '2021-08-14 19:55:57'),
('HD20210817143604', '2021-08-17 14:36:04', 169000, 0, 169000, NULL, 'lê minh luân', '1212121212', 'luan123@gmail.com', 'luan123@gmail.com', NULL, 'KH00000000000000', 'NV11111111111111', NULL, 1, '2021-08-17 00:36:04', '2021-08-28 19:59:48'),
('HD20210829095936', '2021-08-29 09:59:36', 169000, 0, 169000, NULL, 'lê minh luân', '0121212121', 'a', 'luan123@gmail.coma', NULL, 'KH00000000000000', 'NV11111111111111', NULL, 3, '2021-08-28 19:59:36', '2021-09-21 00:52:31'),
('HD20210829101245', '2021-08-29 10:12:45', 324000, 14400, 309600, NULL, 'Khách Vãng Lai', NULL, NULL, NULL, NULL, 'KH00000000000000', 'NV00000000000000', NULL, 1, '2021-08-28 20:12:45', '2021-10-13 00:36:15'),
('HD20211013095458', '2021-10-13 09:54:58', 15000, 0, 15000, NULL, 'minh luan', '0121212121', 'adfs', 'luan123@gmail.com', NULL, 'KH00000000000000', 'NV11111111111111', NULL, 3, '2021-10-12 19:54:58', '2021-10-12 19:55:16'),
('HD20211013144041', '2021-10-13 14:40:41', 15000, 0, 15000, NULL, 'Khách Vãng Lai', NULL, NULL, NULL, NULL, 'KH00000000000000', 'NV00000000000000', 'PAYPAL', 1, '2021-10-13 00:40:41', '2021-10-13 00:40:41'),
('HD20211015144724', '2021-10-15 14:47:24', 144000, 14400, 129600, NULL, 'le minh', '0123123123', 'fas', 'luan123@gmail.com', NULL, 'KH00000000000000', 'NV11111111111111', 'PAYPAL', 1, '2021-10-15 00:47:24', '2021-10-31 06:47:53'),
('HD20211015161224', '2021-10-15 16:12:24', 144000, 14400, 129600, NULL, 'luân', '0121242120', 'adsfads', 'luan123@gmail.com', NULL, 'KH00000000000000', 'NV11111111111111', NULL, 1, '2021-10-15 02:12:24', '2021-10-15 02:21:17'),
('HD20211015161736', '2021-10-15 16:17:36', 263000, 14400, 248600, NULL, 'lê minh luân', '0121242120', 'a', 'luan123@gmail.com', NULL, 'KH00000000000000', 'NV11111111111111', NULL, 1, '2021-10-15 02:17:36', '2021-10-15 02:21:21'),
('HD20211021161427', '2021-10-21 16:14:27', 15000, 0, 15000, NULL, 'Khách Vãng Lai', NULL, NULL, NULL, NULL, 'KH00000000000000', 'NV00000000000000', NULL, 1, '2021-10-21 02:14:27', '2021-10-21 02:14:27'),
('HD20211023160156', '2021-10-23 16:01:56', 15000, 0, 15000, NULL, 'Khách Vãng Lai', NULL, NULL, NULL, NULL, 'KH00000000000000', 'NV20210726151136', '', 1, '2021-10-23 02:01:56', '2021-10-23 02:01:56'),
('HD20211029134944', '2021-10-29 13:49:44', 169000, 0, 169000, NULL, 'Lê Minh Luân', '0819740382', '19 Đường 8A, P.BTĐ B Quận Bình Tân', 'luan123@gmail.com', NULL, 'KH00000000000000', 'NV11111111111111', 'PAYPAL', 1, '2021-10-28 23:49:44', '2021-10-28 23:49:44'),
('HD20211029135909', '2021-10-29 13:59:09', 144000, 14400, 129600, NULL, 'Lê Minh Luân', '0819740382', '19 Đường 8A, P.BTĐ B Quận Bình Tân', 'luan123@gmail.com', NULL, 'KH00000000000000', 'NV11111111111111', 'PAYPAL', 1, '2021-10-28 23:59:09', '2021-10-28 23:59:09'),
('HD20211029140353', '2021-10-29 14:03:53', 144000, 14400, 129600, NULL, 'Lê Minh Luân', '0819740382', '19 Đường 8A, P.BTĐ B Quận Bình Tân', 'luan123@gmail.com', NULL, 'KH00000000000000', 'NV11111111111111', 'PAYPAL', 1, '2021-10-29 00:03:53', '2021-11-06 03:10:48'),
('HD20211029140903', '2021-10-29 14:09:03', 313000, 14400, 295614, 30, 'Lê Minh Luân', '0819740382', '19 Đường 8A, P.BTĐ B Quận Bình Tân', 'luan123@gmail.com', NULL, 'KH20211029140741', 'NV11111111111111', 'PAYPAL', 1, '2021-10-29 00:09:03', '2021-11-06 03:11:21'),
('HD20211029145339', '2021-10-29 14:53:39', 144000, 14400, 128304, 13, 'Lê Minh Luân', '0819740382', '19 Đường 8A, P.BTĐ B Quận Bình Tân', 'luan123@gmail.com', NULL, 'KH20211029140741', 'NV11111111111111', 'PAYPAL', 1, '2021-10-29 00:53:39', '2021-11-06 17:57:06'),
('HD20211031143339', '2021-10-31 14:33:39', 457000, 45700, 407187, 41, 'Lê Minh Luân', '0819740382', '19 Đường 8A, P.BTĐ B Quận Bình Tân', 'luan123@gmail.com', NULL, 'KH20211029140741', 'NV11111111111111', NULL, 1, '2021-10-31 00:33:39', '2021-11-06 17:57:50'),
('HD20211031204954', '2021-10-31 20:49:54', 238000, 0, 238000, 24, 'Lê Đức Hải', '0902005505', '170/14 Đường số 204 Cao Lỗ P.04 Quận 8', 'luan123@gmail.com', NULL, 'KH20210724132741', 'NV11111111111111', NULL, 1, '2021-10-31 06:49:54', '2021-11-05 20:24:42'),
('HD20211105082242', '2021-11-05 08:22:42', 144000, 14400, 128304, 13, 'Lê Minh Luân', '0819740382', '19 Đường 8A, P.BTĐ B Quận Bình Tân', 'luan123@gmail.com', NULL, 'KH20211029140741', 'NV11111111111111', NULL, 1, '2021-11-04 18:22:42', '2021-11-06 03:09:42'),
('HD20211107075341', '2021-11-07 07:53:41', 138000, 13800, 122958, 12, 'Lê Minh Luân', '0819740382', '19 Đường 8A, P.BTĐ B Quận Bình Tân', 'luan123@gmail.com', NULL, 'KH20211029140741', 'NV11111111111111', 'PAYPAL', 1, '2021-11-06 17:53:41', '2021-11-06 17:56:23'),
('HD20211107080310', '2021-11-07 08:03:10', 138000, 13800, 124200, NULL, 'Lê Đức Hải', '0819582734', '19 Đường 8A, P.BTĐ B Quận Bình Tân', 'luan123@gmail.com', NULL, 'KH00000000000000', 'NV11111111111111', NULL, 1, '2021-11-06 18:03:10', '2021-11-08 00:14:12'),
('HD20211107081804', '2021-11-07 08:18:04', 144000, 14400, 128304, 13, 'Lê Minh Luân', '0819740382', '19 Đường 8A, P.BTĐ B Quận Bình Tân', 'luan123@gmail.com', NULL, 'KH20211029140741', 'NV11111111111111', 'PAYPAL', 1, '2021-11-06 18:18:04', '2021-11-06 18:25:16'),
('HD20211107082110', '2021-11-07 08:21:10', 144000, 14400, 129600, NULL, 'Lê Đức Hải', '0813097902', '19 Đường 8A, P.BTĐ B Quận Bình Tân', 'luan123@gmail.com', NULL, 'KH00000000000000', 'NV11111111111111', NULL, 1, '2021-11-06 18:21:10', '2021-11-06 18:26:03'),
('HD20211107083404', '2021-11-07 08:34:04', 233500, 14400, 216909, 22, 'Lê Minh Luân', '0819740382', '19 Đường 8A, P.BTĐ B Quận Bình Tân', 'luan123@gmail.com', NULL, 'KH20211029140741', 'NV11111111111111', 'PAYPAL', 1, '2021-11-06 18:34:04', '2021-11-06 18:34:27'),
('HD20211107090842', '2021-11-07 09:08:42', 207000, 20700, 186300, NULL, 'Lê Minh Luân', '0182727482', '19 Đường 8A, P.BTĐ B Quận Bình Tân', 'luan123@gmail.com', NULL, 'KH00000000000000', 'NV11111111111111', 'PAYPAL', 1, '2021-11-06 19:08:42', '2021-11-08 00:15:07'),
('HD20211107092640', '2021-11-07 09:26:40', 207000, 20700, 184437, 18, 'Lê Minh Luân', '0819740382', '19 Đường 8A, P.BTĐ B Quận Bình Tân', 'luan123@gmail.com', NULL, 'KH20211029140741', 'NV11111111111111', 'PAYPAL', 1, '2021-11-06 19:26:40', '2021-11-08 00:46:29'),
('HD20211107094713', '2021-11-07 09:47:13', 179000, 0, 177210, 18, 'Lê Minh Luân', '0819740382', '19 Đường 8A, P.BTĐ B Quận Bình Tân', 'luan123@gmail.com', NULL, 'KH20211029140741', 'NV00000000000000', NULL, 3, '2021-11-06 19:47:13', '2021-11-08 19:05:13'),
('HD20211107100043', '2021-11-07 10:00:43', 261000, 0, 258390, 26, 'Lê Minh Luân', '0819740382', '19 Đường 8A, P.BTĐ B Quận Bình Tân', 'luan123@gmail.com', NULL, 'KH20211029140741', 'NV00000000000000', NULL, 1, '2021-11-06 20:00:43', '2021-11-09 01:08:16'),
('HD20211107102506', '2021-11-07 10:25:06', 308000, 0, 304920, 30, 'Lê Minh Luân', '0819740382', '19 Đường 8A, P.BTĐ B Quận Bình Tân', 'luan123@gmail.com', NULL, 'KH20211029140741', 'NV00000000000000', NULL, 1, '2021-11-06 20:25:06', '2021-11-08 19:01:41'),
('HD20211108152423', '2021-11-08 15:24:23', 15000, 0, 15000, NULL, 'Khách Vãng Lai', NULL, NULL, NULL, NULL, 'KH00000000000000', 'NV00000000000000', NULL, 1, '2021-11-08 01:24:23', '2021-11-08 01:24:23'),
('HD20211108175018', '2021-11-08 17:50:18', 353000, 17400, 335600, 34, 'Lê Minh Luân', '0819482349', 'ấp mới 1, xã mỹ hạnh nam, đức hòa long an', 'luan123@gmail.com', NULL, 'KH20211108174948', 'NV00000000000000', NULL, 1, '2021-11-08 03:50:18', '2021-11-08 03:50:18'),
('HD20211108184123', '2021-11-08 18:41:23', 15000, 0, 15000, NULL, 'Khách Vãng Lai', NULL, NULL, NULL, NULL, 'KH00000000000000', 'NV00000000000000', NULL, 1, '2021-11-08 04:41:23', '2021-11-08 04:42:04'),
('HD20211109084038', '2021-11-09 08:40:38', 353000, 17400, 332244, 33, 'Lê Minh Luân', '0819740382', '19 Đường 8A, P.BTĐ B Quận Bình Tân', 'luan123@gmail.com', NULL, 'KH20211029140741', 'NV00000000000000', NULL, 1, '2021-11-08 18:40:38', '2021-11-08 18:40:38'),
('HD20211109141714', '2021-11-09 14:17:14', 323000, 14400, 305514, 31, 'Lê Minh Luân', '0819740382', '19 Đường 8A, P.BTĐ B Quận Bình Tân', 'luan123@gmail.com', NULL, 'KH20211029140741', 'NV11111111111111', NULL, 1, '2021-11-09 00:17:14', '2021-11-09 00:17:14'),
('HD20211109142018', '2021-11-09 14:20:18', 129000, 0, 127710, 13, 'Lê Minh Luân', '0819740382', '19 Đường 8A, P.BTĐ B Quận Bình Tân', 'luan123@gmail.com', NULL, 'KH20211029140741', 'NV11111111111111', 'PAYPAL', 1, '2021-11-09 00:20:18', '2021-11-09 00:20:18'),
('HD20211109152636', '2021-11-09 15:26:36', 55000, 0, 54450, 5, 'Lê Minh Luân', '0819740382', '19 Đường 8A, P.BTĐ B Quận Bình Tân', 'luan123@gmail.com', NULL, 'KH20211029140741', 'NV11111111111111', 'PAYPAL', 1, '2021-11-09 01:26:36', '2021-11-09 01:34:28'),
('HD20211109162421', '2021-11-09 16:24:21', 303000, 17400, 285600, NULL, 'Khách Vãng Lai', NULL, NULL, NULL, NULL, 'KH00000000000000', 'NV00000000000000', NULL, 1, '2021-11-09 02:24:21', '2021-11-09 02:24:21'),
('HD20211110071729', '2021-11-10 07:17:29', 533000, 0, 527670, 53, 'Lê Minh Luân', '0819740382', '19 Đường 8A, P.BTĐ B Quận Bình Tân', 'luan123@gmail.com', NULL, 'KH20211029140741', 'NV11111111111111', NULL, 1, '2021-11-09 17:17:29', '2021-11-09 17:18:17'),
('HD20211111100251', '2021-11-11 10:02:51', 620000, 14400, 599544, 60, 'Trần Anh Tuấn', '0819740382', '269A Tân Hương, P.Tân Quý Quận Tân phú', 'luan123@gmail.com', NULL, 'KH20211029140741', 'NV11111111111111', NULL, 1, '2021-11-10 20:02:51', '2021-11-11 18:58:24'),
('HD20211111100915', '2021-11-11 10:09:15', 620000, 14400, 599544, 60, 'Lê Minh Luân', '0819740382', '269A Tân Hương, P.Tân Quý Quận Tân phú', 'luan123@gmail.com', NULL, 'KH20211029140741', 'NV11111111111111', 'PAYPAL', 1, '2021-11-10 20:09:15', '2021-11-12 02:14:54'),
('HD20211112094134', '2021-11-12 09:41:34', 15000, 0, 15000, NULL, 'Khách Vãng Lai', NULL, NULL, NULL, NULL, 'KH00000000000000', 'NV20210726151653', NULL, 1, '2021-11-11 19:41:34', '2021-11-11 19:41:34'),
('HD20211112094403', '2021-11-12 09:44:03', 40000, 0, 40000, NULL, 'Khách Vãng Lai', NULL, NULL, NULL, NULL, 'KH00000000000000', 'NV20210726151653', NULL, 1, '2021-11-11 19:44:03', '2021-11-11 19:44:03'),
('HD20211112141944', '2021-11-12 14:19:44', 15000, 0, 14850, 1, 'Lê Minh Luân', '0819740382', '19 Đường 8A, P.BTĐ B Quận Bình Tân', 'luan123@gmail.com', NULL, 'KH20211029140741', 'NV20210726151653', NULL, 1, '2021-11-12 00:19:44', '2021-11-12 00:19:44'),
('HD20211113081020', '2021-11-13 08:10:20', 620000, 14400, 599544, 60, 'Trần Anh Tuấn', '0819740382', '269A Tân Hương, P.Tân Quý Quận Tân phú', 'luan123@gmail.com', NULL, 'KH20211029140741', 'NV11111111111111', 'PAYPAL', 1, '2021-11-12 18:10:20', '2021-11-12 18:11:56'),
('HD20211113081649', '2021-11-13 08:16:49', 189000, 17400, 169884, 17, 'Lê Minh Luân', '0819740382', '19 Đường 8A, P.BTĐ B Quận Bình Tân', 'luan123@gmail.com', NULL, 'KH20211029140741', 'NV20210726151653', NULL, 1, '2021-11-12 18:16:49', '2021-11-12 18:16:49'),
('HD20211114185613', '2021-11-14 18:56:13', 323000, 14400, 305514, 31, 'Trần Anh Tuấn', '0819740382', '269A Tân Hương, P.Tân Quý Quận Tân phú', 'luan123@gmail.com', NULL, 'KH20211029140741', 'NV11111111111111', 'PAYPAL', 1, '2021-11-14 04:56:13', '2021-11-14 04:58:07'),
('HD20211114190526', '2021-11-14 19:05:26', 189000, 17400, 169884, 17, 'Lê Minh Luân', '0819740382', '19 Đường 8A, P.BTĐ B Quận Bình Tân', 'luan123@gmail.com', NULL, 'KH20211029140741', 'NV20210726151653', NULL, 1, '2021-11-14 05:05:26', '2021-11-14 05:05:26'),
('HD20211114192754', '2021-11-14 19:27:54', 764000, 28800, 727848, 73, 'Trần Anh Tuấn', '0819740382', '269A Tân Hương, P.Tân Quý Quận Tân phú', 'luan123@gmail.com', NULL, 'KH20211029140741', 'NV11111111111111', 'PAYPAL', 1, '2021-11-14 05:27:54', '2021-11-14 05:30:01'),
('HD20211115123901', '2021-11-15 12:39:01', 288000, 28800, 256608, 26, 'Trần Anh Tuấn', '0819740382', '269A Tân Hương, P.Tân Quý Quận Tân phú', 'luan123@gmail.com', NULL, 'KH20211029140741', 'NV11111111111111', 'PAYPAL', 1, '2021-11-14 22:39:01', '2021-11-14 22:39:33'),
('HD20211115124343', '2021-11-15 12:43:43', 189000, 17400, 169884, 17, 'Lê Minh Luân', '0819740382', '19 Đường 8A, P.BTĐ B Quận Bình Tân', 'luan123@gmail.com', NULL, 'KH20211029140741', 'NV20210726151653', NULL, 1, '2021-11-14 22:43:43', '2021-11-14 22:43:43'),
('HD20220730215939', '2022-07-30 21:59:39', 10000, 0, 10000, NULL, 'NguyenKhanh TV', '0343754517', 'Đồng Nai', 'kq909981@gmail.com', 'Test', 'KH00000000000000', 'NV11111111111111', NULL, 1, '2022-07-30 21:59:39', '2022-07-31 01:16:57'),
('HD20220731010729', '2022-07-31 01:07:29', 40000, 0, 40000, NULL, 'Nguyễn Khánh tV', '1234567890', 'TP HCM,Bình Thạnh', 'admin@gmail.com', 'Cho ít đường', 'KH00000000000000', 'NV11111111111111', NULL, 1, '2022-07-31 01:07:29', '2022-07-31 01:08:17'),
('HD20220731012155', '2022-07-31 01:21:55', 30000, 0, 30000, NULL, 'Nguyễn KhÁNh', '1234567890', 'TP HCM,Bình Thạnh', 'admin@gmail.com', 'Cho Ít Sữa', 'KH00000000000000', 'NV11111111111111', NULL, 2, '2022-07-31 01:21:55', '2022-07-31 01:21:55');

-- --------------------------------------------------------

--
-- Table structure for table `khach_hang`
--

DROP TABLE IF EXISTS `khach_hang`;
CREATE TABLE IF NOT EXISTS `khach_hang` (
  `id` char(18) COLLATE utf8mb4_unicode_ci NOT NULL,
  `tenkhachhang` varchar(50) COLLATE utf8mb4_unicode_ci NOT NULL,
  `sdt` char(10) COLLATE utf8mb4_unicode_ci NOT NULL,
  `diachi` varchar(150) COLLATE utf8mb4_unicode_ci NOT NULL,
  `email` char(100) COLLATE utf8mb4_unicode_ci NOT NULL,
  `diemtichluy` int(11) NOT NULL,
  `trangthai` tinyint(1) NOT NULL,
  `created_at` timestamp NULL DEFAULT NULL,
  `updated_at` timestamp NULL DEFAULT NULL,
  PRIMARY KEY (`id`)
) ENGINE=InnoDB DEFAULT CHARSET=utf8mb4 COLLATE=utf8mb4_unicode_ci;

--
-- Dumping data for table `khach_hang`
--

INSERT INTO `khach_hang` (`id`, `tenkhachhang`, `sdt`, `diachi`, `email`, `diemtichluy`, `trangthai`, `created_at`, `updated_at`) VALUES
('KH00000000000000', 'Khách Vãng Lai', '0000000000', '137/3, khu phố 2, phường An Phú, thành phố Thuận An, Bình Dương.', 'SunCoffee137@gmail.com', 0, 1, NULL, '2022-07-31 01:16:57'),
('KH20210724132741', 'Lê Đức Hải', '0902005505', '170/14 Đường số 204 Cao Lỗ P.04 Quận 8', 'luan123@gmail.com', 120, 1, '2021-07-23 23:27:41', '2021-11-05 20:24:42'),
('KH20210724133142', 'Lê Hoàng Sơn', '0902075767', '615 KP2,Tên Lửa, P.BTĐ B Quận Bình Tân', 'luan123@gmail.com', 999, 1, '2021-07-23 23:31:42', '2021-07-23 23:34:15'),
('KH20210724133218', 'Phan Thị Trúc Vy', '0902076976', '6 Trần Huy Liệu,P.12 Quận Phú Nhuận', 'luan123@gmail.com', 1000, 1, '2021-07-23 23:32:18', '2021-07-23 23:35:04'),
('KH20210724133248', 'Trương Thị Minh', '0902277829', '19 Đường 8A, P.BTĐ B Quận Bình Tân', 'luan123@gmail.com', 4999, 1, '2021-07-23 23:32:48', '2021-07-25 07:28:30'),
('KH20210724133318', 'Trần Thị ánh Nguyệt', '0902300279', '265 Dương Đình Hội KP3 P.Tăng Nhơn Phú B Quận 9', 'luan123@gmail.com', 5045, 1, '2021-07-23 23:33:18', '2021-08-13 20:57:43'),
('KH20210724133355', 'Lê Tuấn Kiệt', '0902310456', '128/4 Kp3 P.Hiệp Thành Quận 12', 'luan123@gmail.com', 9999, 1, '2021-07-23 23:33:55', '2021-07-23 23:36:03'),
('KH20210724133637', 'Phạm Thị Xoa', '0902313123', '274 Ngô Quyền, P.08 Quận 10', 'luan123@gmail.com', 10000, 1, '2021-07-23 23:36:37', '2021-07-23 23:36:46'),
('KH20210724133710', 'Nguyễn Đoàn Quân', '0902329009', '3-5 Lô A Khu Chung Cư Hồng Linh X.Bình Hưng Huyện Bình Chánh', 'luan123@gmail.com', 99999, 1, '2021-07-23 23:37:10', '2021-08-13 20:56:46'),
('KH20210724133802', 'Võ Thị Thi', '0902373620', '52/17/2 Nguyễn Thị Thập P. Bỉnh Thuận  Quận 7', 'luan123@gmail.com', 100047, 1, '2021-07-23 23:38:02', '2021-08-13 21:00:41'),
('KH20210724133840', 'Trần Anh Tuấn', '0902382328', '269A Tân Hương, P.Tân Quý Quận Tân phú', 'luan123@gmail.com', 999999, 1, '2021-07-23 23:38:40', '2021-08-13 20:56:39'),
('KH20210814105534', 'Lê Hoàng Sơn', '0902382322', '615 KP2,Tên Lửa, P.BTĐ B Quận Bình Tân', 'luan123@gmail.com', 0, 1, '2021-08-13 20:55:34', '2021-11-09 17:14:56'),
('KH20211029140741', 'Lê Minh Luân', '0819740382', '19 Đường 8A, P.BTĐ B Quận Bình Tân', 'luan123@gmail.com', 3382, 1, '2021-10-29 00:07:41', '2021-11-14 22:43:43'),
('KH20211029160750', 'Lê Minh Luân', '0121242120', '52/17/2 Nguyễn Thị Thập P. Bỉnh Thuận  Quận 7', 'luan123@gmail.com', 1000, 1, '2021-10-29 02:07:50', '2021-10-29 02:11:05'),
('KH20211108174948', 'Trần Gia Khánh', '0819482349', '170/14 Đường số 204 Cao Lỗ P.04 Quận 8', 'luan123@gmail.com', 34, 1, '2021-11-08 03:49:48', '2021-11-08 04:43:29');

-- --------------------------------------------------------

--
-- Table structure for table `khuyen_mai`
--

DROP TABLE IF EXISTS `khuyen_mai`;
CREATE TABLE IF NOT EXISTS `khuyen_mai` (
  `id` char(18) COLLATE utf8mb4_unicode_ci NOT NULL,
  `tenkhuyenmai` varchar(100) COLLATE utf8mb4_unicode_ci NOT NULL,
  `thoigianbatdau` date NOT NULL,
  `thoigianketthuc` date NOT NULL,
  `mota` text COLLATE utf8mb4_unicode_ci NOT NULL,
  `trangthai` tinyint(1) NOT NULL,
  `created_at` timestamp NULL DEFAULT NULL,
  `updated_at` timestamp NULL DEFAULT NULL,
  PRIMARY KEY (`id`)
) ENGINE=InnoDB DEFAULT CHARSET=utf8mb4 COLLATE=utf8mb4_unicode_ci;

--
-- Dumping data for table `khuyen_mai`
--

INSERT INTO `khuyen_mai` (`id`, `tenkhuyenmai`, `thoigianbatdau`, `thoigianketthuc`, `mota`, `trangthai`, `created_at`, `updated_at`) VALUES
('KM20210726170807', 'Khuyến Mãi Ngày Hè', '2021-06-01', '2021-06-30', 'Khuyến mãi dành cho khoảng thời gian hè đến', 1, '2021-07-26 03:08:07', '2021-10-29 00:46:00'),
('KM20210726170929', 'Khuyến Mãi Cho Tháng 10 Và Tháng 11 Này', '2021-10-01', '2021-11-30', 'Khuyến mãi trong 2 tháng 10 và 11 với các sản phẩm vô cùng hấp dẫn.', 1, '2021-07-26 03:09:29', '2021-10-29 01:06:27'),
('KM20210726171103', 'Khuyến Mãi Cuối Năm', '2021-12-01', '2021-12-31', 'Khuyến mãi các sản phẩm của cửa hàng nhân dịp cuối năm nay.', 1, '2021-07-26 03:11:03', '2021-10-29 01:03:21'),
('KM20210726171204', 'Khuyến Mãi Cho Năm Mới', '2022-01-01', '2022-01-31', 'Khuyến mãi dành cho dịp năm mới đến.', 0, '2021-07-26 03:12:04', '2021-10-29 01:07:41');

-- --------------------------------------------------------

--
-- Table structure for table `loai_nhan_vien`
--

DROP TABLE IF EXISTS `loai_nhan_vien`;
CREATE TABLE IF NOT EXISTS `loai_nhan_vien` (
  `id` char(18) COLLATE utf8mb4_unicode_ci NOT NULL,
  `tenloainhanvien` varchar(50) COLLATE utf8mb4_unicode_ci NOT NULL,
  `trangthai` tinyint(1) NOT NULL,
  `created_at` timestamp NULL DEFAULT NULL,
  `updated_at` timestamp NULL DEFAULT NULL,
  PRIMARY KEY (`id`)
) ENGINE=InnoDB DEFAULT CHARSET=utf8mb4 COLLATE=utf8mb4_unicode_ci;

--
-- Dumping data for table `loai_nhan_vien`
--

INSERT INTO `loai_nhan_vien` (`id`, `tenloainhanvien`, `trangthai`, `created_at`, `updated_at`) VALUES
('LNV00000000000000', 'Admin', 1, '2021-07-23 06:58:00', '2021-07-23 06:58:00'),
('LNV20210726150930', 'Nhân Viên Bán Hàng', 1, '2021-07-26 01:09:30', '2021-07-26 01:21:08'),
('LNV20210726152255', 'Nhân Viên Bảo Vệ', 0, '2021-07-26 01:22:55', '2021-10-29 00:42:13');

-- --------------------------------------------------------

--
-- Table structure for table `loai_san_pham`
--

DROP TABLE IF EXISTS `loai_san_pham`;
CREATE TABLE IF NOT EXISTS `loai_san_pham` (
  `id` char(18) COLLATE utf8mb4_unicode_ci NOT NULL,
  `tenloaisanpham` varchar(50) COLLATE utf8mb4_unicode_ci NOT NULL,
  `trangthai` tinyint(4) NOT NULL,
  `created_at` timestamp NULL DEFAULT NULL,
  `updated_at` timestamp NULL DEFAULT NULL,
  PRIMARY KEY (`id`)
) ENGINE=InnoDB DEFAULT CHARSET=utf8mb4 COLLATE=utf8mb4_unicode_ci;

--
-- Dumping data for table `loai_san_pham`
--

INSERT INTO `loai_san_pham` (`id`, `tenloaisanpham`, `trangthai`, `created_at`, `updated_at`) VALUES
('LSP20210723205843', 'Cà Phê Hạt', 1, '2021-07-23 06:58:43', '2021-11-12 02:09:13'),
('LSP20210723205849', 'Nước Uống', 2, '2021-07-23 06:58:49', '2021-07-23 06:58:49'),
('LSP20210723205854', 'Bánh', 2, '2021-07-23 06:58:54', '2021-08-02 00:09:08');

-- --------------------------------------------------------

--
-- Table structure for table `migrations`
--

DROP TABLE IF EXISTS `migrations`;
CREATE TABLE IF NOT EXISTS `migrations` (
  `id` int(10) UNSIGNED NOT NULL AUTO_INCREMENT,
  `migration` varchar(255) COLLATE utf8mb4_unicode_ci NOT NULL,
  `batch` int(11) NOT NULL,
  PRIMARY KEY (`id`)
) ENGINE=InnoDB AUTO_INCREMENT=15 DEFAULT CHARSET=utf8mb4 COLLATE=utf8mb4_unicode_ci;

--
-- Dumping data for table `migrations`
--

INSERT INTO `migrations` (`id`, `migration`, `batch`) VALUES
(1, '2021_06_17_024053_create_loai_nhan_viens_table', 1),
(2, '2021_06_17_024124_create_nhan_viens_table', 1),
(3, '2021_06_17_024144_create_khach_hangs_table', 1),
(4, '2021_06_17_024157_create_hoa_dons_table', 1),
(5, '2021_06_17_024223_create_loai_san_phams_table', 1),
(6, '2021_06_17_024225__create_quy_caches_table', 1),
(7, '2021_06_17_024234_create_san_phams_table', 1),
(8, '2021_06_17_024312_create_chi_tiet_san_phams_table', 1),
(9, '2021_06_17_024315_create_chi_tiet_hoa_dons_table', 1),
(10, '2021_06_17_024328_create_khuyen_mais_table', 1),
(11, '2021_06_17_024346_create_chi_tiet_khuyen_mais_table', 1),
(12, '2021_07_10_061354_create_thong_kes_table', 1),
(13, '2021_08_05_024442_create_binh_luans_table', 2),
(14, '2021_08_05_025313_create_danh_gias_table', 2);

-- --------------------------------------------------------

--
-- Table structure for table `nhan_vien`
--

DROP TABLE IF EXISTS `nhan_vien`;
CREATE TABLE IF NOT EXISTS `nhan_vien` (
  `id` char(18) COLLATE utf8mb4_unicode_ci NOT NULL,
  `tennhanvien` varchar(50) COLLATE utf8mb4_unicode_ci NOT NULL,
  `sdt` char(10) COLLATE utf8mb4_unicode_ci NOT NULL,
  `diachi` varchar(150) COLLATE utf8mb4_unicode_ci NOT NULL,
  `email` char(100) COLLATE utf8mb4_unicode_ci NOT NULL,
  `ngaysinh` date NOT NULL,
  `gioitinh` tinyint(1) NOT NULL,
  `hinhanh` char(25) COLLATE utf8mb4_unicode_ci NOT NULL,
  `luong` int(11) NOT NULL,
  `password` char(200) COLLATE utf8mb4_unicode_ci NOT NULL,
  `id_loainhanvien` char(18) COLLATE utf8mb4_unicode_ci NOT NULL,
  `trangthai` tinyint(1) NOT NULL,
  `created_at` timestamp NULL DEFAULT NULL,
  `updated_at` timestamp NULL DEFAULT NULL,
  PRIMARY KEY (`id`),
  KEY `nhan_vien_id_loainhanvien_foreign` (`id_loainhanvien`)
) ENGINE=InnoDB DEFAULT CHARSET=utf8mb4 COLLATE=utf8mb4_unicode_ci;

--
-- Dumping data for table `nhan_vien`
--

INSERT INTO `nhan_vien` (`id`, `tennhanvien`, `sdt`, `diachi`, `email`, `ngaysinh`, `gioitinh`, `hinhanh`, `luong`, `password`, `id_loainhanvien`, `trangthai`, `created_at`, `updated_at`) VALUES
('NV00000000000000', 'Admin', '0123456789', '137/3 khu phố 2 phường An Phú thành phố Thuận An Bình Dương', 'admin@gmail.com', '2000-07-13', 1, 'NOIMAGE.png', 0, '$2y$10$EQEqaY0mtni5ZCLKsc2E.ee2P5h7w1wDZgd2cRrCOgMNtff/eOv0K', 'LNV00000000000000', 1, '2021-07-23 06:58:00', '2021-07-23 06:58:00'),
('NV11111111111111', 'Mua Online', '0987654321', '137/3 khu phố 2 phường An Phú thành phố Thuận An Bình Dương', 'SunCoffee137@gmail.com', '2000-07-13', 1, 'NOIMAGE.png', 0, '$2y$10$Dfd1jQu/wuxWtJeTCYwYiuTECvpoZE8r2uelFIl.5rk/dEmHhUSre', 'LNV00000000000000', 1, '2021-07-23 06:58:00', '2021-07-23 06:58:00'),
('NV20210726151136', 'Hà Thị Thúy Ngọc', '0902404069', '1188 Phạm Thế Hiển P.05 Quận 8', 'luan123@gmail.com', '2021-07-26', 0, 'NV20210726151136.png', 5000000, '$2y$10$PQx2LO1MLpvKAcDxOPEZsuobdtjYTD8r5B341YJPW.Mem8P4joGBu', 'LNV20210726150930', 1, '2021-07-26 01:11:36', '2021-07-26 01:11:36'),
('NV20210726151414', 'Tôn Thất Phong', '0902404419', '35 Khu A6 Tổ 17 Kp4 P.Tân Hưng Thuận Quận 12', 'luan123@gmail.com', '2000-07-26', 1, 'NV20210726151414.png', 5000000, '$2y$10$YOEO.d3b9Z3uML6Sn0SnTewfetZRKIydGQwQUX3cNEr3NVejGIRuq', 'LNV20210726150930', 1, '2021-07-26 01:14:15', '2021-07-26 01:14:15'),
('NV20210726151455', 'Huỳnh Chiêu Hoàng', '0902464986', '180B Lê Văn Sỹ,P.10 Quận Phú Nhuận', 'luan123@gmail.com', '2000-07-26', 1, 'NV20210726151455.png', 5000000, '$2y$10$gFzLD.EESJxwsyXJHCBlkO8Te9Z8A/BIFNehP7JDQd8wGCsl7/rNK', 'LNV20210726150930', 0, '2021-07-26 01:14:55', '2021-07-26 01:45:09'),
('NV20210726151549', 'Diệp Văn Công', '0902488989', '140 Trần Đại Nghĩa P.TTA Quận Bình Tân', 'luan123@gmail.com', '2021-07-26', 1, 'NV20210726151549.png', 5000000, '$2y$10$s0tggEJRAjy0osaFiuDvpOW6OCSdHWIXZVqRKAsPWpg/tiSCjoaA6', 'LNV20210726150930', 1, '2021-07-26 01:15:49', '2021-07-26 01:15:49'),
('NV20210726151653', 'Trần Mộng Thúy', '0819740382', 'A2-1205 Căn Hộ Cantavil, KP5, P. AP Quận 2', 'luan123@gmail.com', '2021-07-26', 0, 'NV20210726151653.png', 5000000, '$2y$10$z766.g5pRJE5PL/m9yTXNuxJ5qgUac0eTYgQoSNgv5VjXnNAUp9vq', 'LNV20210726150930', 1, '2021-07-26 01:16:53', '2021-07-26 01:16:53');

-- --------------------------------------------------------

--
-- Table structure for table `quy_cach`
--

DROP TABLE IF EXISTS `quy_cach`;
CREATE TABLE IF NOT EXISTS `quy_cach` (
  `id` char(18) COLLATE utf8mb4_unicode_ci NOT NULL,
  `tenquycach` varchar(50) COLLATE utf8mb4_unicode_ci NOT NULL,
  `id_loaisanpham` char(18) COLLATE utf8mb4_unicode_ci NOT NULL,
  `trangthai` tinyint(4) NOT NULL,
  `created_at` timestamp NULL DEFAULT NULL,
  `updated_at` timestamp NULL DEFAULT NULL,
  PRIMARY KEY (`id`),
  KEY `quy_cach_id_loaisanpham_foreign` (`id_loaisanpham`)
) ENGINE=InnoDB DEFAULT CHARSET=utf8mb4 COLLATE=utf8mb4_unicode_ci;

--
-- Dumping data for table `quy_cach`
--

INSERT INTO `quy_cach` (`id`, `tenquycach`, `id_loaisanpham`, `trangthai`, `created_at`, `updated_at`) VALUES
('QC20210723205910', 'TÚI 500G', 'LSP20210723205843', 2, '2021-07-23 06:59:10', '2021-07-23 06:59:10'),
('QC20210723205921', 'TÚI 250G', 'LSP20210723205843', 1, '2021-07-23 06:59:21', '2021-11-08 00:50:20'),
('QC20210723205931', 'Nhỏ', 'LSP20210723205849', 2, '2021-07-23 06:59:31', '2021-07-23 06:59:31'),
('QC20210723205940', 'Vừa', 'LSP20210723205849', 1, '2021-07-23 06:59:40', '2021-07-23 06:59:40'),
('QC20210723205946', 'Lớn', 'LSP20210723205849', 1, '2021-07-23 06:59:46', '2021-07-23 06:59:46'),
('QC20210723210000', 'Phần Nhỏ', 'LSP20210723205854', 2, '2021-07-23 07:00:00', '2021-07-23 07:00:00'),
('QC20210723210009', 'Phần Lớn', 'LSP20210723205854', 1, '2021-07-23 07:00:09', '2021-08-02 00:08:16');

-- --------------------------------------------------------

--
-- Table structure for table `san_pham`
--

DROP TABLE IF EXISTS `san_pham`;
CREATE TABLE IF NOT EXISTS `san_pham` (
  `id` char(18) COLLATE utf8mb4_unicode_ci NOT NULL,
  `tensanpham` varchar(100) COLLATE utf8mb4_unicode_ci NOT NULL,
  `hinhanh` char(25) COLLATE utf8mb4_unicode_ci NOT NULL,
  `mota` text COLLATE utf8mb4_unicode_ci,
  `the` varchar(50) COLLATE utf8mb4_unicode_ci NOT NULL,
  `sosao` float DEFAULT NULL,
  `id_loaisanpham` char(18) COLLATE utf8mb4_unicode_ci NOT NULL,
  `trangthai` tinyint(1) NOT NULL,
  `created_at` timestamp NULL DEFAULT NULL,
  `updated_at` timestamp NULL DEFAULT NULL,
  PRIMARY KEY (`id`),
  KEY `san_pham_id_loaisanpham_foreign` (`id_loaisanpham`)
) ENGINE=InnoDB DEFAULT CHARSET=utf8mb4 COLLATE=utf8mb4_unicode_ci;

--
-- Dumping data for table `san_pham`
--

INSERT INTO `san_pham` (`id`, `tensanpham`, `hinhanh`, `mota`, `the`, `sosao`, `id_loaisanpham`, `trangthai`, `created_at`, `updated_at`) VALUES
('SP20210723210505', 'CÀ PHÊ HẠT ARABICA', 'SP20210723210505.jpg', 'Cà phê hạt Arabica (hay còn gọi là cà phê chè) là loại hạt cà phê được trồng và sử dụng phổ biến tại Việt Nam. Đây gần như là loại cà phê được sử dụng nhiều nhất, bên cạnh các loại khác như cafe Moka hay cafe Catimor. Khu vực trồng nhiều Arabica nhất là Lâm Đồng – Tây Nguyên. Đây cũng là nguyên liệu chính của các hãng / thương hiệu cà phê lớn tại châu Á.', 'BÁN CHẠY NHẤT', 4.5, 'LSP20210723205843', 1, '2021-07-23 07:05:05', '2021-11-11 19:36:46'),
('SP20210723211649', 'CÀ PHÊ HẠT CULI ROBUSTA', 'SP20210723211649.jpg', 'Cà phê hạt Culi (hay còn gọi là cafe Peaberry) là một loại cà phê đặc biệt. Sản lượng cafe hạt Culi nguyên chất tại Việt Nam không lớn bằng 2 loại phổ biến là Robusta và Arabica. Loại cafe này chỉ có thể thu hoạch nhờ sự đột biến trên cây cà phê.', 'BÁN CHẠY NHẤT', 5, 'LSP20210723205843', 1, '2021-07-23 07:16:49', '2021-11-14 22:41:07'),
('SP20210723211939', 'CÀ PHÊ HẠT MOKA CẦU ĐẤT', 'SP20210723211939.jpg', 'Cà phê hạt Moka Cầu Đất là một giống cafe thuần chủng với tính chất giống cafe Arabica. Đặc tính của hạt cafe Moka mang đậm hương vị và được đánh giá ngon nhất trong tất cả các loại cafe.', 'BÁN CHẠY NHẤT', 5, 'LSP20210723205843', 1, '2021-07-23 07:19:39', '2021-10-31 06:04:20'),
('SP20210723212256', 'CÀ PHÊ HẠT ROBUSTA', 'SP20210723212256.jpg', 'Cà phê hạt Robusta (hay còn gọi là cà phê vối) là loại hạt cafe được trồng phổ biến tại Việt Nam. Robusta cũng là loại cafe được sử dụng nhiều (giống Arabica) để pha cafe hoặc phối công thức.', 'BÁN CHẠY NHẤT', 5, 'LSP20210723205843', 1, '2021-07-23 07:22:56', '2021-10-31 06:04:17'),
('SP20210723212430', 'CÀ PHÊ HẠT ROBUSTA HONEY', 'SP20210723212430.jpg', 'Cà phê hạt Robusta Honey thật chất là loại cafe Robusta nhưng được xử lý bằng phương pháp mới. Nhiều chuyên gia gọi đấy là phương pháp chế biến mật ong; cho vỏ hạt cafe Robusta tách ra tự nhiên nhưng vẫn giữ lại được lớp chất nhầy.', 'BÁN CHẠY NHẤT', 5, 'LSP20210723205843', 1, '2021-07-23 07:24:30', '2021-10-31 06:04:13'),
('SP20210723213953', '90S COFFEE DARK', 'SP20210723213953.jpg', '90S Coffee Dark – Bản Vị Cà Phê Pha Phin Đậm Đà “Bạn đã từng thử vị cà phê đen đậm ở một quán cafe cóc ven đường từ những năm 90 của thế kỷ trước chưa?  Nếu đã từng thử, bạn còn nhớ vị cà phê đó như thế nào không?”  Đúng vậy! Nguồn cảm hứng để chúng tôi tạo ra và truyền tải trong sản phẩm 90S Coffee Dark chính là tạo vị café đậm đen truyền thống của Việt Nam từ những năm 90. Những cách pha cà phê, tới những giọt cà phê đen đậm, hoà quyện với sữa đặc,… tạo nên vị cà phê phin đậm đà bản sắc Việt từ thời đó đến nay.', 'MỚI', 5, 'LSP20210723205843', 1, '2021-07-23 07:39:53', '2021-10-31 06:04:09'),
('SP20210723214407', '90S COFFEE TRADITIONAL', 'SP20210723214407.jpg', '90S Coffee Traditional – Cà Phê Cao Cấp Dành Cho Lãnh Đạo Trong quá trình phát triển thương hiệu 90S Coffee Vietnam, chúng tôi đã gặp, làm việc và hợp tác với rất nhiều chủ doanh nghiệp, các quản lý cấp cao của các công ty, tập đoàn lớn. Chúng tôi nhận ra rằng, cách dùng, cách thưởng thức cà phê của họ có những điểm khác biệt riêng.', 'MỚI', 5, 'LSP20210723205843', 1, '2021-07-23 07:44:07', '2021-11-06 19:11:02'),
('SP20210723214944', 'ẤN TƯỢNG', 'SP20210723214944.png', 'Từ Arabica và Robusta 100% nguyên chất với tỉ lệ và chế độ rang khác biệt. Dành cho những ai có gu cà phê đậm đà nhưng không quá gắt và thích có thêm một vị gì đó để thưởng thức, không chỉ là vị cà phê mà còn có thể cảm nhận và liên tưởng đến một số vị gần gũi như thảo mộc, hương trái cây', 'MỚI', 5, 'LSP20210723205843', 1, '2021-07-23 07:49:44', '2021-11-06 19:29:06'),
('SP20210723215831', 'AROMA ESPRESSO', 'SP20210723215831.png', 'Trong quá trình nghiên cứu về các loại cà phê, chúng tôi đã đi rất nhiều nơi trên thế giới. Và Ý (Italia) là nơi mà chúng tôi tìm ra được rất nhiều điều thú vị về cà phê. Nơi đây cũng là nơi tạo nên nguồn cảm hứng để chúng tôi tạo ra Aroma Espresso.', 'MỚI', 5, 'LSP20210723205843', 1, '2021-07-23 07:58:31', '2021-11-09 01:43:16'),
('SP20210723220327', 'CÂN BẰNG', 'SP20210723220327.png', 'Khi Arabica và Robusta 100% nguyên chất được phối theo công thức tỉ lệ riêng của 90S Coffee, ký ức đẹp về những ly cà phê ven đường ngày xưa một lần nữa được tái hiện. Bắt đầu từ tạo vị đậm đà phong cách cà phê truyền thống đến một chút dư vị đắng và cuối cùng là chua thanh nhẹ nhàng dễ chịu.', 'MỚI', 5, 'LSP20210723205843', 1, '2021-07-23 08:03:27', '2021-10-31 06:03:45'),
('SP20210724193722', 'CHINH PHỤC', 'SP20210724193722.png', 'Được tạo ra bởi ý tưởng tạo điểm nhấn trong hậu vị sao cho “chinh phục tuyệt đối” cảm xúc của người thưởng thức. Từ đó, chính sự kết hợp chuẩn xác giữa Robusta cùng Moka Cầu Đất đã đem đến một “cái kết ngọt ngào” với dư vị dày, lâu tan sau hành trình trải nghiệm cà phê hoàn hảo.', 'MỚI', 5, 'LSP20210723205843', 1, '2021-07-24 05:37:22', '2021-10-31 06:03:42'),
('SP20210724193938', 'PHÁ CÁCH', 'SP20210724193938.png', 'Được kết hợp từ Arabica, Robusta và Culi rang mộc nguyên chất với tỉ lệ khác biệt mang đến đặc tính “phá cách trong tạo vị” khiến những người sành cà phê không thể bỏ qua: đậm đà gu cà phê truyền thống, tiền vị đắng, hậu vị ngọt lịm. Từ những phá cách nhỏ lại tổng hòa nên cảm giác dễ chịu, thoải mái cho người thưởng thức.', 'MỚI', 5, 'LSP20210723205843', 1, '2021-07-24 05:39:38', '2021-10-31 06:03:38'),
('SP20210724194127', 'RICHNESS ESPRESSO', 'SP20210724194127.jpg', 'Trong quá trình nghiên cứu và phát triển các sản phẩm cà phê rang xay nguyên chất, chúng tôi đã phát hiện ra rất nhiều điều thú vị. Cách thường thức cà phê của giới thượng lưu (không chỉ ở Việt Nam mà trên toàn thế giới) đều sẽ khác so với những cách uống thông thường.', 'MỚI', 5, 'LSP20210723205843', 1, '2021-07-24 05:41:27', '2021-10-31 06:03:34'),
('SP20210724194301', 'CÀ PHÊ BÍ QUYẾT 01', 'SP20210724194301.jpg', 'Bí Quyết 01 Mang Hương Vị Của Ly Cà Phê Truyền Thống', 'THƯỜNG', 5, 'LSP20210723205843', 1, '2021-07-24 05:43:01', '2021-10-31 06:03:31'),
('SP20210724194557', 'CÀ PHÊ BÍ QUYẾT 02', 'SP20210724194557.jpg', 'Cà Phê Bí Quyết 02 – Sự Phá Cách Trong Tạo Vị Café', 'THƯỜNG', 5, 'LSP20210723205843', 1, '2021-07-24 05:45:57', '2021-10-31 06:03:27'),
('SP20210724194833', 'CÀ PHÊ BÍ QUYẾT 03', 'SP20210724194833.jpg', 'Cà Phê Bí Quyết 03 – Sự Tinh Tế Trong Hậu Vị Cuối', 'THƯỜNG', 5, 'LSP20210723205843', 1, '2021-07-24 05:48:33', '2021-10-31 06:03:24'),
('SP20210724195018', 'CÀ PHÊ BÍ QUYẾT 04', 'SP20210724195018.jpg', 'Cà Phê Bí Quyết 04 – Nâng Cấp Bản Vị Cà Phê Truyền Thống', 'THƯỜNG', 5, 'LSP20210723205843', 1, '2021-07-24 05:50:18', '2021-10-31 06:03:08'),
('SP20210724195244', 'CÀ PHÊ CHO TẤT CẢ 01', 'SP20210724195244.jpg', 'Cho Tất Cả 01 – Tạo Vị Cà Phê Của Những Năm 90', 'THƯỜNG', 5, 'LSP20210723205843', 1, '2021-07-24 05:52:44', '2021-10-31 06:03:04'),
('SP20210724195517', 'CÀ PHÊ CHO TẤT CẢ 02', 'SP20210724195517.jpg', 'Cà Phê Cho Tất Cả 02 – Hành Trình Cảm Vị Cafe Tinh Tế', 'THƯỜNG', 5, 'LSP20210723205843', 1, '2021-07-24 05:55:17', '2021-10-31 06:03:00'),
('SP20210724195713', 'CÀ PHÊ CHO TẤT CẢ 03', 'SP20210724195713.jpg', 'Cà Phê Cho Tất Cả 03 – Gu Cà Phê Của Khách Du Lịch', 'THƯỜNG', 5, 'LSP20210723205843', 1, '2021-07-24 05:57:13', '2021-10-31 06:02:56'),
('SP20210724195917', 'CÀ PHÊ CHO TẤT CẢ 04', 'SP20210724195917.jpg', 'Cà Phê Cho Tất Cả 04 – Vị Cà Phê Thuần Khiết Thiên Nhiên', 'THƯỜNG', 5, 'LSP20210723205843', 1, '2021-07-24 05:59:17', '2021-10-31 06:02:53'),
('SP20210724200121', 'CÀ PHÊ ĐẶC BIỆT 01', 'SP20210724200121.jpg', 'Cà Phê Đặc Biệt 01 – Tạo Vị Cafe Phương Tây Theo Cách Việt Nam', 'THƯỜNG', 5, 'LSP20210723205843', 1, '2021-07-24 06:01:21', '2021-10-31 06:02:49'),
('SP20210724200341', 'CÀ PHÊ ĐẶC BIỆT 02', 'SP20210724200341.jpg', 'Cà Phê Đặc Biệt 02 – Dấu Ấn Cách Pha Cà Phê Việt', 'THƯỜNG', 5, 'LSP20210723205843', 1, '2021-07-24 06:03:41', '2021-10-31 06:02:45'),
('SP20210724211648', 'CÀ PHÊ ARABICA', 'SP20210724211648.jpg', NULL, 'THƯỜNG', 5, 'LSP20210723205849', 1, '2021-07-24 07:16:48', '2021-10-31 06:02:41'),
('SP20210724211923', 'CÀ PHÊ CULI ROBUSTA', 'SP20210724211923.jpg', NULL, 'THƯỜNG', 5, 'LSP20210723205849', 1, '2021-07-24 07:19:23', '2021-10-31 06:02:38'),
('SP20210724212019', 'CÀ PHÊ MOKA CẦU ĐẤT', 'SP20210724212019.jpg', NULL, 'THƯỜNG', 5, 'LSP20210723205849', 1, '2021-07-24 07:20:19', '2021-10-31 06:02:34'),
('SP20210724212111', '90S COFFEE TRADITIONAL', 'SP20210724212111.jpg', NULL, 'THƯỜNG', 5, 'LSP20210723205849', 1, '2021-07-24 07:21:11', '2021-10-31 06:00:38'),
('SP20210724212213', 'ẤN TƯỢNG', 'SP20210724212213.jpg', NULL, 'THƯỜNG', 5, 'LSP20210723205849', 1, '2021-07-24 07:22:13', '2021-10-31 06:00:34'),
('SP20210724212251', 'AROMA ESPRESSO', 'SP20210724212251.jpg', NULL, 'THƯỜNG', 5, 'LSP20210723205849', 1, '2021-07-24 07:22:51', '2021-10-31 06:00:30'),
('SP20210724212356', 'CÂN BẰNG', 'SP20210724212356.jpg', NULL, 'THƯỜNG', 5, 'LSP20210723205849', 1, '2021-07-24 07:23:56', '2021-10-31 06:00:26'),
('SP20210724212704', 'CHINH PHỤC', 'SP20210724212704.jpg', NULL, 'THƯỜNG', 5, 'LSP20210723205849', 1, '2021-07-24 07:27:04', '2021-10-31 06:00:23'),
('SP20210724212756', 'PHÁ CÁCH', 'SP20210724212756.jpg', NULL, 'THƯỜNG', 5, 'LSP20210723205849', 1, '2021-07-24 07:27:56', '2021-10-31 06:00:19'),
('SP20210724212835', 'RICHNESS ESPRESSO', 'SP20210724212835.jpg', NULL, 'THƯỜNG', 5, 'LSP20210723205849', 1, '2021-07-24 07:28:35', '2021-10-31 06:00:15'),
('SP20210724212938', 'CÀ PHÊ BÍ QUYẾT 01', 'SP20210724212938.jpg', NULL, 'THƯỜNG', 5, 'LSP20210723205849', 1, '2021-07-24 07:29:38', '2021-10-31 06:00:12'),
('SP20210724213007', 'CÀ PHÊ BÍ QUYẾT 02', 'SP20210724213007.jpg', NULL, 'THƯỜNG', 5, 'LSP20210723205849', 1, '2021-07-24 07:30:07', '2021-10-31 06:00:07'),
('SP20210724213038', 'CÀ PHÊ BÍ QUYẾT 03', 'SP20210724213038.jpg', NULL, 'THƯỜNG', 5, 'LSP20210723205849', 1, '2021-07-24 07:30:38', '2021-10-31 06:00:04'),
('SP20210724213142', 'CÀ PHÊ BÍ QUYẾT 04', 'SP20210724213142.jpg', NULL, 'THƯỜNG', 5, 'LSP20210723205849', 1, '2021-07-24 07:31:42', '2021-10-31 05:59:20'),
('SP20210724213215', 'CÀ PHÊ CHO TẤT CẢ 01', 'SP20210724213215.jpg', NULL, 'THƯỜNG', 5, 'LSP20210723205849', 1, '2021-07-24 07:32:15', '2021-10-31 05:59:16'),
('SP20210724213248', 'CÀ PHÊ CHO TẤT CẢ 02', 'SP20210724213248.jpg', NULL, 'THƯỜNG', 5, 'LSP20210723205849', 1, '2021-07-24 07:32:48', '2021-10-31 05:59:12'),
('SP20210724213327', 'CÀ PHÊ CHO TẤT CẢ 03', 'SP20210724213327.jpg', NULL, 'THƯỜNG', 5, 'LSP20210723205849', 1, '2021-07-24 07:33:27', '2021-10-31 05:59:08'),
('SP20210724213406', 'CÀ PHÊ CHO TẤT CẢ 04', 'SP20210724213406.jpg', NULL, 'THƯỜNG', 5, 'LSP20210723205849', 1, '2021-07-24 07:34:06', '2021-10-31 05:59:05'),
('SP20210724213439', 'CÀ PHÊ ĐẶC BIỆT 01', 'SP20210724213439.jpg', NULL, 'THƯỜNG', 5, 'LSP20210723205849', 1, '2021-07-24 07:34:39', '2021-10-31 05:59:01'),
('SP20210724213516', 'CÀ PHÊ ĐẶC BIỆT 02', 'SP20210724213516.jpg', NULL, 'THƯỜNG', 5, 'LSP20210723205849', 1, '2021-07-24 07:35:16', '2021-11-09 00:25:49'),
('SP20210725131925', 'BÁNH FLAN', 'SP20210725131925.jpg', 'Bánh flan hay gọi thẳng theo tiếng Việt là bánh lăng hay caramen là loại bánh được hấp chín từ các nguyên liệu chính là trứng và sữa, nước caramen. Đây là một loại bánh xuất xứ từ nền ẩm thực châu Âu tuy hiện nay đã phổ biến tại nhiều nơi trên thế giới.', 'THƯỜNG', 5, 'LSP20210723205854', 1, '2021-07-24 23:19:25', '2021-10-31 05:58:53'),
('SP20210725132731', 'TIRAMISU', 'SP20210725132731.jpg', 'Tiramisu là một loại bánh ngọt tráng miệng vị cà phê của nước Ý, gồm các lớp bánh quy Savoiardi, nhúng cà phê xen kẽ với hỗn hợp trứng, đường, phô mai mascarpone đánh bông, thêm một ít bột cacao. Công thức bánh này được biến tấu thành nhiều món bánh và món tráng miệng khác nhau.', 'THƯỜNG', 5, 'LSP20210723205854', 1, '2021-07-24 23:27:31', '2021-10-31 05:58:49'),
('SP20210725133053', 'BÁNH COOKIES', 'SP20210725133053.jpg', 'Bánh quy là thực phẩm được nướng hoặc làm chín có hình dạng nhỏ, phẳng và ngọt. Bánh thường chứa bột, đường và một số loại dầu hoặc chất béo. Món này có thể bao gồm các thành phần khác như nho khô, yến mạch, sô cô la chip, các loại hạt, v.v.', 'THƯỜNG', 5, 'LSP20210723205854', 1, '2021-07-24 23:30:53', '2021-10-31 05:58:46'),
('SP20210725133403', 'MACARON', 'SP20210725133403.jpg', 'Macaron hay bánh macaroon Pháp là một loại bánh ngọt dựa trên bánh trứng đường. Macaron được làm từ lòng trắng trứng, đường bột, đường hạt, bột hạnh nhân, và màu thực phẩm. Theo truyền thống, macaron được tổ chức đã được giới thiệu ở Pháp bởi đầu bếp người Ý của nữ hoàng Catherine De Medici trong thời Phục hưng.', 'THƯỜNG', 5, 'LSP20210723205854', 1, '2021-07-24 23:34:03', '2021-10-31 05:57:39'),
('SP20210725134027', 'MOUSSE CAKE', 'SP20210725134027.jpg', 'Mousse là dòng bánh có nhiều kem ít bánh, thường được dùng để tráng miệng hoặc ăn vặt. Thành phần cơ bản của Mousse là một lớp bánh gato mỏng phía bên dưới bánh.', 'THƯỜNG', 5, 'LSP20210723205854', 1, '2021-07-24 23:40:27', '2021-10-31 05:57:35'),
('SP20210725134711', 'MUFFIN', 'SP20210725134711.png', 'Muffin là một sản phẩm nướng theo từng phần riêng biệt, tuy nhiên, thuật ngữ này có thể đề cập đến một trong hai mặt hàng riêng biệt: bánh mì dẹt nhô lên một phần được nướng và sau đó nướng trên vỉ, hoặc bánh mì nhanh được tráng men hóa học và sau đó nướng trong khuôn.', 'THƯỜNG', 5, 'LSP20210723205854', 1, '2021-07-24 23:47:11', '2021-10-31 05:57:31'),
('SP20210725135201', 'CUPCAKE', 'SP20210725135201.jpg', 'chiếc bánh cupcake là một chiếc bánh nhỏ được thiết kế để phục vụ một người, có thể được nướng trong một tờ giấy nhỏ hoặc cốc nhôm. Như với bánh lớn hơn, phủ sương và trang trí bánh khác như trái cây và kẹo có thể được áp dụng.', 'THƯỜNG', 5, 'LSP20210723205854', 1, '2021-07-24 23:52:01', '2021-10-31 05:57:27'),
('SP20210725135618', 'CHOCOLATE TART', 'SP20210725135618.jpg', 'Được dịch từ tiếng Anh-Bánh tart sô cô la, còn được gọi là bánh kem sô cô la, là một món tráng miệng bao gồm sô cô la đen, kem và trứng, đánh với nhau, đổ vào một vỏ bánh ngọt giòn, ngọt và nướng cho đến khi chắc. Nó được coi là một hình thức của bánh sữa trứng vì nó bao gồm một chất làm đầy trứng.', 'THƯỜNG', 5, 'LSP20210723205854', 1, '2021-07-24 23:56:18', '2021-10-31 05:57:24'),
('SP20210725135926', 'CHEESECAKE', 'SP20210725135926.jpg', 'Cheesecake là một loại bánh có sự kết hợp hài hòa của phô mai tươi, kem, sữa và trứng. Chiếc bánh cheesecake chính là món tráng miệng được yêu thích bởi sự béo ngậy, thơm lừng và ngọt ngào của chúng.', 'THƯỜNG', 5, 'LSP20210723205854', 1, '2021-07-24 23:59:26', '2021-10-31 05:57:06'),
('SP20210725140355', 'HUMMUS WRAP', 'SP20210725140355.png', 'Bánh Hummus wrap được làm chủ yếu từ đậu chickpeas, bơ mè, dầu và một số rau gia vị nên chúng chứa nhiều chất đạm và chất xơ sẽ khiến người dùng cảm thấy no lâu hơn so với các loại bánh tráng miệng.', 'THƯỜNG', 5, 'LSP20210723205854', 1, '2021-07-25 00:03:55', '2021-10-31 05:57:03'),
('SP20210725140818', 'NAMA CHOCOLATE', 'SP20210725140818.jpg', 'Bánh nama chocolate có nguồn gốc tại Nhật Bản, là món quà tặng phổ biến thể hiện sự quý mến đầy ngọt ngào mà người ta dành cho nhau.', 'THƯỜNG', 5, 'LSP20210723205854', 1, '2021-07-25 00:08:18', '2021-10-31 05:56:59'),
('SP20210725141523', 'PANA COTTA', 'SP20210725141523.jpg', 'Trong thế giới cực kỳ phong phú của các món tráng miệng Âu, panna cotta của Ý là một món vô cùng hấp dẫn. Kết thúc bữa ăn bằng một món thơm nức mũi kem, lại mềm mịn và mát lạnh, cho cảm giác thật dễ chịu, thật thơm tho hẳn là một lựa chọn rất hợp lý.', 'THƯỜNG', 5, 'LSP20210723205854', 1, '2021-07-25 00:15:23', '2021-10-31 05:56:55'),
('SP20220731011806', 'Test', 'SP20220731011806.jpg', 'Lorem', 'MỚI', NULL, 'LSP20210723205849', 1, '2022-07-31 01:18:06', '2022-07-31 01:18:06');

-- --------------------------------------------------------

--
-- Table structure for table `thong_ke`
--

DROP TABLE IF EXISTS `thong_ke`;
CREATE TABLE IF NOT EXISTS `thong_ke` (
  `id` char(18) COLLATE utf8mb4_unicode_ci NOT NULL,
  `thoigian` date NOT NULL,
  `doanhso` int(11) NOT NULL,
  `loinhuan` int(11) NOT NULL,
  `soluongdaban` int(11) NOT NULL,
  `soluongdonhang` int(11) NOT NULL,
  `created_at` timestamp NULL DEFAULT NULL,
  `updated_at` timestamp NULL DEFAULT NULL
) ENGINE=InnoDB DEFAULT CHARSET=utf8mb4 COLLATE=utf8mb4_unicode_ci;

--
-- Dumping data for table `thong_ke`
--

INSERT INTO `thong_ke` (`id`, `thoigian`, `doanhso`, `loinhuan`, `soluongdaban`, `soluongdonhang`, `created_at`, `updated_at`) VALUES
('TK20210727075428', '2021-07-27', 249000, 99600, 7, 2, '2021-07-26 17:54:28', '2021-07-27 02:57:17'),
('HD20210727075425', '2021-07-26', 100000, 100000, 100000, 100000, NULL, NULL),
('TK20210729174331', '2021-07-29', 15000, 6000, 1, 1, '2021-07-29 03:43:31', '2021-07-29 03:43:31'),
('TK20210730124445', '2021-07-30', 617100, 252600, 5, 2, '2021-07-29 22:44:45', '2021-07-29 22:50:37'),
('TK20210811104443', '2021-08-11', 428200, 182800, 3, 3, '2021-08-10 20:44:43', '2021-08-10 21:00:53'),
('TK20210814105743', '2021-08-14', 914408, 434800, 12, 2, '2021-08-13 20:57:43', '2021-08-13 21:00:41'),
('TK20210815095557', '2021-08-15', 124519200, 55339200, 1005, 1, '2021-08-14 19:55:57', '2021-08-14 19:55:57'),
('TK20210829095948', '2021-08-29', 478600, 197200, 14, 2, '2021-08-28 19:59:48', '2021-08-28 20:12:45'),
('TK20211013144041', '2021-10-13', 15000, 6000, 1, 1, '2021-10-13 00:40:41', '2021-10-13 00:40:41'),
('TK20211015161305', '2021-10-15', 1134600, 488400, 9, 6, '2021-10-15 02:13:05', '2021-10-15 02:21:21'),
('TK20211021161427', '2021-10-21', 15000, 6000, 1, 1, '2021-10-21 02:14:27', '2021-10-21 02:14:27'),
('TK20211023160156', '2021-10-23', 15000, 6000, 1, 1, '2021-10-23 02:01:56', '2021-10-23 02:01:56'),
('TK20211029140534', '2021-10-29', 1312056, 558400, 9, 5, '2021-10-29 00:05:34', '2021-10-29 00:21:41'),
('TK20211031204753', '2021-10-31', 425214, 182800, 3, 2, '2021-10-31 06:47:53', '2021-10-31 06:47:58'),
('TK20211104205020', '2021-11-04', 773491, 335600, 5, 3, '2021-11-04 06:50:20', '2021-11-04 07:34:43'),
('TK20211105082307', '2021-11-05', 3979731, 1728000, 27, 18, '2021-11-04 18:23:07', '2021-11-05 02:06:04'),
('TK20211106101354', '2021-11-06', 1881823, 816400, 13, 9, '2021-11-05 20:13:54', '2021-11-06 03:11:21'),
('TK20211107075623', '2021-11-07', 2497023, 1081800, 22, 13, '2021-11-06 17:56:23', '2021-11-06 20:25:06'),
('TK20211108141412', '2021-11-08', 1296137, 550000, 14, 8, '2021-11-08 00:14:12', '2021-11-08 05:10:38'),
('TK20211109084038', '2021-11-09', 930684, 388800, 7, 4, '2021-11-08 18:40:38', '2021-11-09 02:24:22'),
('TK20211110071817', '2021-11-10', 527670, 213200, 3, 1, '2021-11-09 17:18:17', '2021-11-09 17:18:17'),
('TK20211112085824', '2021-11-12', 1268938, 524000, 10, 5, '2021-11-11 18:58:24', '2021-11-12 02:14:54'),
('TK20211113081156', '2021-11-13', 769428, 323600, 5, 2, '2021-11-12 18:11:56', '2021-11-12 18:16:49'),
('TK20211114185807', '2021-11-14', 1203246, 510400, 9, 3, '2021-11-14 04:58:07', '2021-11-14 05:30:01'),
('TK20211115123933', '2021-11-15', 426492, 190800, 4, 2, '2021-11-14 22:39:33', '2021-11-14 22:43:43'),
('TK20220731010817', '2022-07-31', 50000, 20000, 3, 2, '2022-07-31 01:08:17', '2022-07-31 01:16:57');

--
-- Constraints for dumped tables
--

--
-- Constraints for table `binh_luan`
--
ALTER TABLE `binh_luan`
  ADD CONSTRAINT `binh_luan_id_sanpham_foreign` FOREIGN KEY (`id_sanpham`) REFERENCES `san_pham` (`id`);

--
-- Constraints for table `chi_tiet_hoa_don`
--
ALTER TABLE `chi_tiet_hoa_don`
  ADD CONSTRAINT `chi_tiet_hoa_don_id_chitietsanpham_foreign` FOREIGN KEY (`id_chitietsanpham`) REFERENCES `chi_tiet_san_pham` (`id`),
  ADD CONSTRAINT `chi_tiet_hoa_don_id_hoadon_foreign` FOREIGN KEY (`id_hoadon`) REFERENCES `hoa_don` (`id`);

--
-- Constraints for table `chi_tiet_khuyen_mai`
--
ALTER TABLE `chi_tiet_khuyen_mai`
  ADD CONSTRAINT `chi_tiet_khuyen_mai_id_chitietsanpham_foreign` FOREIGN KEY (`id_chitietsanpham`) REFERENCES `chi_tiet_san_pham` (`id`),
  ADD CONSTRAINT `chi_tiet_khuyen_mai_id_khuyenmai_foreign` FOREIGN KEY (`id_khuyenmai`) REFERENCES `khuyen_mai` (`id`);

--
-- Constraints for table `chi_tiet_san_pham`
--
ALTER TABLE `chi_tiet_san_pham`
  ADD CONSTRAINT `chi_tiet_san_pham_id_sanpham_foreign` FOREIGN KEY (`id_sanpham`) REFERENCES `san_pham` (`id`),
  ADD CONSTRAINT `chi_tiet_san_pham_kichthuoc_foreign` FOREIGN KEY (`kichthuoc`) REFERENCES `quy_cach` (`id`);

--
-- Constraints for table `danh_gia`
--
ALTER TABLE `danh_gia`
  ADD CONSTRAINT `danh_gia_id_sanpham_foreign` FOREIGN KEY (`id_sanpham`) REFERENCES `san_pham` (`id`);

--
-- Constraints for table `hoa_don`
--
ALTER TABLE `hoa_don`
  ADD CONSTRAINT `hoa_don_id_khachhang_foreign` FOREIGN KEY (`id_khachhang`) REFERENCES `khach_hang` (`id`),
  ADD CONSTRAINT `hoa_don_id_nhanvien_foreign` FOREIGN KEY (`id_nhanvien`) REFERENCES `nhan_vien` (`id`);

--
-- Constraints for table `nhan_vien`
--
ALTER TABLE `nhan_vien`
  ADD CONSTRAINT `nhan_vien_id_loainhanvien_foreign` FOREIGN KEY (`id_loainhanvien`) REFERENCES `loai_nhan_vien` (`id`);

--
-- Constraints for table `quy_cach`
--
ALTER TABLE `quy_cach`
  ADD CONSTRAINT `quy_cach_id_loaisanpham_foreign` FOREIGN KEY (`id_loaisanpham`) REFERENCES `loai_san_pham` (`id`);

--
-- Constraints for table `san_pham`
--
ALTER TABLE `san_pham`
  ADD CONSTRAINT `san_pham_id_loaisanpham_foreign` FOREIGN KEY (`id_loaisanpham`) REFERENCES `loai_san_pham` (`id`);
COMMIT;

/*!40101 SET CHARACTER_SET_CLIENT=@OLD_CHARACTER_SET_CLIENT */;
/*!40101 SET CHARACTER_SET_RESULTS=@OLD_CHARACTER_SET_RESULTS */;
/*!40101 SET COLLATION_CONNECTION=@OLD_COLLATION_CONNECTION */;
